datetime,year,month,day,hour,forecast,temp,hum
2020-01-01 12:00:00,2020,1,1,12,25,4,75
2020-01-01 12:00:00,2020,1,1,12,46,-1,90
2020-01-01 15:00:00,2020,1,1,15,25,6,65
2020-01-01 15:00:00,2020,1,1,15,46,4,65
2020-01-01 18:00:00,2020,1,1,18,25,3,70
2020-01-01 18:00:00,2020,1,1,18,46,5,60
2020-01-01 21:00:00,2020,1,1,21,25,2,70
2020-01-01 21:00:00,2020,1,1,21,46,2,75
2020-01-02 00:00:00,2020,1,2,0,25,1,80
2020-01-02 00:00:00,2020,1,2,0,46,0,80
2020-01-02 03:00:00,2020,1,2,3,25,-1,85
2020-01-02 03:00:00,2020,1,2,3,46,0,85
2020-01-02 06:00:00,2020,1,2,6,25,-2,90
2020-01-02 06:00:00,2020,1,2,6,46,0,90
2020-01-02 09:00:00,2020,1,2,9,25,-1,85
2020-01-02 09:00:00,2020,1,2,9,46,0,85
2020-01-02 12:00:00,2020,1,2,12,25,4,65
2020-01-02 12:00:00,2020,1,2,12,46,1,80
2020-01-02 15:00:00,2020,1,2,15,25,6,60
2020-01-02 15:00:00,2020,1,2,15,46,6,65
2020-01-02 18:00:00,2020,1,2,18,25,2,75
2020-01-02 18:00:00,2020,1,2,18,46,7,60
2020-01-02 21:00:00,2020,1,2,21,25,0,80
2020-01-02 21:00:00,2020,1,2,21,46,3,70
2020-01-03 00:00:00,2020,1,3,0,25,-1,85
2020-01-03 00:00:00,2020,1,3,0,46,2,70
2020-01-03 03:00:00,2020,1,3,3,25,-2,85
2020-01-03 03:00:00,2020,1,3,3,46,-1,70
2020-01-03 06:00:00,2020,1,3,6,25,-3,85
2020-01-03 06:00:00,2020,1,3,6,46,-2,80
2020-01-03 09:00:00,2020,1,3,9,25,-2,85
2020-01-03 09:00:00,2020,1,3,9,46,-4,85
2020-01-03 12:00:00,2020,1,3,12,25,6,60
2020-01-03 12:00:00,2020,1,3,12,46,-2,85
2020-01-03 15:00:00,2020,1,3,15,25,7,60
2020-01-03 15:00:00,2020,1,3,15,46,4,55
2020-01-03 18:00:00,2020,1,3,18,25,3,70
2020-01-03 18:00:00,2020,1,3,18,46,4,45
2020-01-03 21:00:00,2020,1,3,21,25,1,65
2020-01-03 21:00:00,2020,1,3,21,46,2,65
2020-01-04 00:00:00,2020,1,4,0,25,-1,70
2020-01-04 00:00:00,2020,1,4,0,46,1,70
2020-01-04 03:00:00,2020,1,4,3,25,-2,80
2020-01-04 03:00:00,2020,1,4,3,46,-1,80
2020-01-04 06:00:00,2020,1,4,6,25,-4,80
2020-01-04 06:00:00,2020,1,4,6,46,0,75
2020-01-04 09:00:00,2020,1,4,9,25,-2,80
2020-01-04 09:00:00,2020,1,4,9,46,0,75
2020-01-04 12:00:00,2020,1,4,12,25,4,55
2020-01-04 12:00:00,2020,1,4,12,46,1,65
2020-01-04 15:00:00,2020,1,4,15,25,5,50
2020-01-04 15:00:00,2020,1,4,15,46,2,75
2020-01-04 18:00:00,2020,1,4,18,25,2,60
2020-01-04 18:00:00,2020,1,4,18,46,3,70
2020-01-04 21:00:00,2020,1,4,21,25,0,70
2020-01-04 21:00:00,2020,1,4,21,46,3,85
2020-01-05 00:00:00,2020,1,5,0,25,-1,75
2020-01-05 00:00:00,2020,1,5,0,46,4,85
2020-01-05 03:00:00,2020,1,5,3,25,0,70
2020-01-05 03:00:00,2020,1,5,3,46,4,90
2020-01-05 06:00:00,2020,1,5,6,25,0,70
2020-01-05 06:00:00,2020,1,5,6,46,6,85
2020-01-05 09:00:00,2020,1,5,9,25,1,65
2020-01-05 09:00:00,2020,1,5,9,46,6,90
2020-01-05 12:00:00,2020,1,5,12,25,3,70
2020-01-05 12:00:00,2020,1,5,12,46,5,90
2020-01-05 15:00:00,2020,1,5,15,25,3,75
2020-01-05 15:00:00,2020,1,5,15,46,6,90
2020-01-05 18:00:00,2020,1,5,18,25,4,70
2020-01-05 18:00:00,2020,1,5,18,46,7,95
2020-01-05 21:00:00,2020,1,5,21,25,5,80
2020-01-05 21:00:00,2020,1,5,21,46,7,90
2020-01-06 00:00:00,2020,1,6,0,25,5,85
2020-01-06 00:00:00,2020,1,6,0,46,11,80
2020-01-06 03:00:00,2020,1,6,3,25,6,85
2020-01-06 03:00:00,2020,1,6,3,46,12,85
2020-01-06 06:00:00,2020,1,6,6,25,6,90
2020-01-06 06:00:00,2020,1,6,6,46,7,80
2020-01-06 09:00:00,2020,1,6,9,25,6,95
2020-01-06 09:00:00,2020,1,6,9,46,6,80
2020-01-06 12:00:00,2020,1,6,12,25,6,95
2020-01-06 12:00:00,2020,1,6,12,46,4,85
2020-01-06 15:00:00,2020,1,6,15,25,7,90
2020-01-06 15:00:00,2020,1,6,15,46,3,80
2020-01-06 18:00:00,2020,1,6,18,25,7,85
2020-01-06 18:00:00,2020,1,6,18,46,3,75
2020-01-06 21:00:00,2020,1,6,21,25,9,85
2020-01-06 21:00:00,2020,1,6,21,46,1,75
2020-01-07 00:00:00,2020,1,7,0,25,8,90
2020-01-07 00:00:00,2020,1,7,0,46,0,70
2020-01-07 03:00:00,2020,1,7,3,25,6,85
2020-01-07 03:00:00,2020,1,7,3,46,-1,75
2020-01-07 06:00:00,2020,1,7,6,25,5,85
2020-01-07 06:00:00,2020,1,7,6,46,-1,70
2020-01-07 09:00:00,2020,1,7,9,25,4,85
2020-01-07 09:00:00,2020,1,7,9,46,-2,75
2020-01-07 12:00:00,2020,1,7,12,25,3,80
2020-01-07 12:00:00,2020,1,7,12,46,-2,75
2020-01-07 15:00:00,2020,1,7,15,25,2,75
2020-01-07 15:00:00,2020,1,7,15,46,1,60
2020-01-07 18:00:00,2020,1,7,18,25,1,75
2020-01-07 18:00:00,2020,1,7,18,46,3,55
2020-01-07 21:00:00,2020,1,7,21,25,0,70
2020-01-07 21:00:00,2020,1,7,21,46,0,65
2020-01-08 00:00:00,2020,1,8,0,25,-1,75
2020-01-08 00:00:00,2020,1,8,0,46,-1,70
2020-01-08 03:00:00,2020,1,8,3,25,-1,70
2020-01-08 03:00:00,2020,1,8,3,46,-3,80
2020-01-08 06:00:00,2020,1,8,6,25,-2,75
2020-01-08 06:00:00,2020,1,8,6,46,-4,85
2020-01-08 09:00:00,2020,1,8,9,25,-1,75
2020-01-08 09:00:00,2020,1,8,9,46,-3,85
2020-01-08 12:00:00,2020,1,8,12,25,2,60
2020-01-08 12:00:00,2020,1,8,12,46,-3,85
2020-01-08 15:00:00,2020,1,8,15,25,2,55
2020-01-08 15:00:00,2020,1,8,15,46,2,60
2020-01-08 18:00:00,2020,1,8,18,25,0,65
2020-01-08 18:00:00,2020,1,8,18,46,3,55
2020-01-08 21:00:00,2020,1,8,21,25,-2,70
2020-01-08 21:00:00,2020,1,8,21,46,0,70
2020-01-09 00:00:00,2020,1,9,0,25,-3,80
2020-01-09 00:00:00,2020,1,9,0,46,-1,75
2020-01-09 03:00:00,2020,1,9,3,25,-4,90
2020-01-09 03:00:00,2020,1,9,3,46,-1,80
2020-01-09 06:00:00,2020,1,9,6,25,-3,85
2020-01-09 06:00:00,2020,1,9,6,46,-1,85
2020-01-09 09:00:00,2020,1,9,9,25,-2,85
2020-01-09 09:00:00,2020,1,9,9,46,-2,85
2020-01-09 12:00:00,2020,1,9,12,25,2,65
2020-01-09 12:00:00,2020,1,9,12,46,0,80
2020-01-09 15:00:00,2020,1,9,15,25,4,55
2020-01-09 15:00:00,2020,1,9,15,46,5,65
2020-01-09 18:00:00,2020,1,9,18,25,1,75
2020-01-09 18:00:00,2020,1,9,18,46,4,55
2020-01-09 21:00:00,2020,1,9,21,25,-1,80
2020-01-09 21:00:00,2020,1,9,21,46,0,65
2020-01-10 00:00:00,2020,1,10,0,25,0,80
2020-01-10 00:00:00,2020,1,10,0,46,-1,65
2020-01-10 03:00:00,2020,1,10,3,25,-1,85
2020-01-10 03:00:00,2020,1,10,3,46,-2,70
2020-01-10 06:00:00,2020,1,10,6,25,-2,90
2020-01-10 06:00:00,2020,1,10,6,46,-2,75
2020-01-10 09:00:00,2020,1,10,9,25,0,85
2020-01-10 09:00:00,2020,1,10,9,46,-3,75
2020-01-10 12:00:00,2020,1,10,12,25,4,70
2020-01-10 12:00:00,2020,1,10,12,46,-1,75
2020-01-10 15:00:00,2020,1,10,15,25,4,60
2020-01-10 15:00:00,2020,1,10,15,46,1,60
2020-01-10 18:00:00,2020,1,10,18,25,1,65
2020-01-10 18:00:00,2020,1,10,18,46,2,55
2020-01-10 21:00:00,2020,1,10,21,25,-1,70
2020-01-10 21:00:00,2020,1,10,21,46,0,65
2020-01-11 00:00:00,2020,1,11,0,25,-2,75
2020-01-11 00:00:00,2020,1,11,0,46,-1,70
2020-01-11 03:00:00,2020,1,11,3,25,-2,75
2020-01-11 03:00:00,2020,1,11,3,46,-2,70
2020-01-11 06:00:00,2020,1,11,6,25,-3,75
2020-01-11 06:00:00,2020,1,11,6,46,-2,70
2020-01-11 09:00:00,2020,1,11,9,25,-1,75
2020-01-11 09:00:00,2020,1,11,9,46,-2,75
2020-01-11 12:00:00,2020,1,11,12,25,2,65
2020-01-11 12:00:00,2020,1,11,12,46,-2,70
2020-01-11 15:00:00,2020,1,11,15,25,3,60
2020-01-11 15:00:00,2020,1,11,15,46,0,55
2020-01-11 18:00:00,2020,1,11,18,25,0,65
2020-01-11 18:00:00,2020,1,11,18,46,1,50
2020-01-11 21:00:00,2020,1,11,21,25,-1,70
2020-01-11 21:00:00,2020,1,11,21,46,-2,55
2020-01-12 00:00:00,2020,1,12,0,25,-2,70
2020-01-12 00:00:00,2020,1,12,0,46,-3,60
2020-01-12 03:00:00,2020,1,12,3,25,-2,70
2020-01-12 03:00:00,2020,1,12,3,46,-4,70
2020-01-12 06:00:00,2020,1,12,6,25,-1,70
2020-01-12 06:00:00,2020,1,12,6,46,-4,70
2020-01-12 09:00:00,2020,1,12,9,25,-2,70
2020-01-12 09:00:00,2020,1,12,9,46,-4,70
2020-01-12 12:00:00,2020,1,12,12,25,0,55
2020-01-12 12:00:00,2020,1,12,12,46,-2,70
2020-01-12 15:00:00,2020,1,12,15,25,1,50
2020-01-12 15:00:00,2020,1,12,15,46,2,55
2020-01-12 18:00:00,2020,1,12,18,25,-2,60
2020-01-12 18:00:00,2020,1,12,18,46,2,55
2020-01-12 21:00:00,2020,1,12,21,25,-3,65
2020-01-12 21:00:00,2020,1,12,21,46,0,60
2020-01-13 00:00:00,2020,1,13,0,25,-3,70
2020-01-13 00:00:00,2020,1,13,0,46,-3,70
2020-01-13 03:00:00,2020,1,13,3,25,-4,80
2020-01-13 03:00:00,2020,1,13,3,46,-3,75
2020-01-13 06:00:00,2020,1,13,6,25,-4,80
2020-01-13 06:00:00,2020,1,13,6,46,-4,85
2020-01-13 09:00:00,2020,1,13,9,25,-2,80
2020-01-13 09:00:00,2020,1,13,9,46,-5,75
2020-01-13 12:00:00,2020,1,13,12,25,1,65
2020-01-13 12:00:00,2020,1,13,12,46,-3,70
2020-01-13 15:00:00,2020,1,13,15,25,1,65
2020-01-13 15:00:00,2020,1,13,15,46,1,45
2020-01-13 18:00:00,2020,1,13,18,25,-1,65
2020-01-13 18:00:00,2020,1,13,18,46,1,50
2020-01-13 21:00:00,2020,1,13,21,25,-2,70
2020-01-13 21:00:00,2020,1,13,21,46,-2,65
2020-01-14 00:00:00,2020,1,14,0,25,-3,80
2020-01-14 00:00:00,2020,1,14,0,46,-3,70
2020-01-14 03:00:00,2020,1,14,3,25,-3,75
2020-01-14 03:00:00,2020,1,14,3,46,-4,75
2020-01-14 06:00:00,2020,1,14,6,25,-5,75
2020-01-14 06:00:00,2020,1,14,6,46,-4,80
2020-01-14 09:00:00,2020,1,14,9,25,-3,65
2020-01-14 09:00:00,2020,1,14,9,46,-4,75
2020-01-14 12:00:00,2020,1,14,12,25,1,50
2020-01-14 12:00:00,2020,1,14,12,46,-3,70
2020-01-14 15:00:00,2020,1,14,15,25,1,50
2020-01-14 15:00:00,2020,1,14,15,46,1,40
2020-01-14 18:00:00,2020,1,14,18,25,-1,65
2020-01-14 18:00:00,2020,1,14,18,46,2,45
2020-01-14 21:00:00,2020,1,14,21,25,-3,75
2020-01-14 21:00:00,2020,1,14,21,46,-1,70
2020-01-15 00:00:00,2020,1,15,0,25,-3,75
2020-01-15 00:00:00,2020,1,15,0,46,-2,70
2020-01-15 03:00:00,2020,1,15,3,25,-4,75
2020-01-15 03:00:00,2020,1,15,3,46,-3,75
2020-01-15 06:00:00,2020,1,15,6,25,-4,75
2020-01-15 06:00:00,2020,1,15,6,46,-4,75
2020-01-15 09:00:00,2020,1,15,9,25,-3,70
2020-01-15 09:00:00,2020,1,15,9,46,-4,75
2020-01-15 12:00:00,2020,1,15,12,25,1,40
2020-01-15 12:00:00,2020,1,15,12,46,-3,70
2020-01-15 15:00:00,2020,1,15,15,25,2,45
2020-01-15 15:00:00,2020,1,15,15,46,1,45
2020-01-15 18:00:00,2020,1,15,18,25,-1,65
2020-01-15 18:00:00,2020,1,15,18,46,2,45
2020-01-15 21:00:00,2020,1,15,21,25,-2,65
2020-01-15 21:00:00,2020,1,15,21,46,-1,60
2020-01-16 00:00:00,2020,1,16,0,25,-3,75
2020-01-16 00:00:00,2020,1,16,0,46,-2,70
2020-01-16 03:00:00,2020,1,16,3,25,-4,80
2020-01-16 03:00:00,2020,1,16,3,46,-3,80
2020-01-16 06:00:00,2020,1,16,6,25,-4,75
2020-01-16 06:00:00,2020,1,16,6,46,-2,75
2020-01-16 09:00:00,2020,1,16,9,25,-3,70
2020-01-16 09:00:00,2020,1,16,9,46,-3,80
2020-01-16 12:00:00,2020,1,16,12,25,1,45
2020-01-16 12:00:00,2020,1,16,12,46,-2,75
2020-01-16 15:00:00,2020,1,16,15,25,2,50
2020-01-16 15:00:00,2020,1,16,15,46,3,45
2020-01-16 18:00:00,2020,1,16,18,25,-1,65
2020-01-16 18:00:00,2020,1,16,18,46,4,40
2020-01-16 21:00:00,2020,1,16,21,25,-2,70
2020-01-16 21:00:00,2020,1,16,21,46,1,60
2020-01-17 00:00:00,2020,1,17,0,25,-2,75
2020-01-17 00:00:00,2020,1,17,0,46,-1,75
2020-01-17 03:00:00,2020,1,17,3,25,-2,75
2020-01-17 03:00:00,2020,1,17,3,46,-2,85
2020-01-17 06:00:00,2020,1,17,6,25,-3,80
2020-01-17 06:00:00,2020,1,17,6,46,-1,90
2020-01-17 09:00:00,2020,1,17,9,25,-2,75
2020-01-17 09:00:00,2020,1,17,9,46,-1,85
2020-01-17 12:00:00,2020,1,17,12,25,3,40
2020-01-17 12:00:00,2020,1,17,12,46,1,85
2020-01-17 15:00:00,2020,1,17,15,25,4,40
2020-01-17 15:00:00,2020,1,17,15,46,5,60
2020-01-17 18:00:00,2020,1,17,18,25,1,60
2020-01-17 18:00:00,2020,1,17,18,46,6,60
2020-01-17 21:00:00,2020,1,17,21,25,-1,80
2020-01-17 21:00:00,2020,1,17,21,46,4,65
2020-01-18 00:00:00,2020,1,18,0,25,-2,85
2020-01-18 00:00:00,2020,1,18,0,46,1,70
2020-01-18 03:00:00,2020,1,18,3,25,-1,85
2020-01-18 03:00:00,2020,1,18,3,46,-1,75
2020-01-18 06:00:00,2020,1,18,6,25,-1,85
2020-01-18 06:00:00,2020,1,18,6,46,0,75
2020-01-18 09:00:00,2020,1,18,9,25,0,85
2020-01-18 09:00:00,2020,1,18,9,46,0,75
2020-01-18 12:00:00,2020,1,18,12,25,6,55
2020-01-18 12:00:00,2020,1,18,12,46,1,70
2020-01-18 15:00:00,2020,1,18,15,25,6,60
2020-01-18 15:00:00,2020,1,18,15,46,4,55
2020-01-18 18:00:00,2020,1,18,18,25,4,65
2020-01-18 18:00:00,2020,1,18,18,46,4,50
2020-01-18 21:00:00,2020,1,18,21,25,1,70
2020-01-18 21:00:00,2020,1,18,21,46,3,60
2020-01-19 00:00:00,2020,1,19,0,25,0,75
2020-01-19 00:00:00,2020,1,19,0,46,1,65
2020-01-19 03:00:00,2020,1,19,3,25,0,75
2020-01-19 03:00:00,2020,1,19,3,46,-2,70
2020-01-19 06:00:00,2020,1,19,6,25,-1,70
2020-01-19 06:00:00,2020,1,19,6,46,-3,80
2020-01-19 09:00:00,2020,1,19,9,25,0,70
2020-01-19 09:00:00,2020,1,19,9,46,-5,85
2020-01-19 12:00:00,2020,1,19,12,25,3,60
2020-01-19 12:00:00,2020,1,19,12,46,-3,80
2020-01-19 15:00:00,2020,1,19,15,25,5,50
2020-01-19 15:00:00,2020,1,19,15,46,2,50
2020-01-19 18:00:00,2020,1,19,18,25,2,55
2020-01-19 18:00:00,2020,1,19,18,46,3,40
2020-01-19 21:00:00,2020,1,19,21,25,0,60
2020-01-19 21:00:00,2020,1,19,21,46,1,60
2020-01-20 00:00:00,2020,1,20,0,25,-2,70
2020-01-20 00:00:00,2020,1,20,0,46,-1,70
2020-01-20 03:00:00,2020,1,20,3,25,-4,70
2020-01-20 03:00:00,2020,1,20,3,46,-1,70
2020-01-20 06:00:00,2020,1,20,6,25,-5,75
2020-01-20 06:00:00,2020,1,20,6,46,-1,70
2020-01-20 09:00:00,2020,1,20,9,25,-4,70
2020-01-20 09:00:00,2020,1,20,9,46,-1,75
2020-01-20 12:00:00,2020,1,20,12,25,1,50
2020-01-20 12:00:00,2020,1,20,12,46,0,85
2020-01-20 15:00:00,2020,1,20,15,25,3,40
2020-01-20 15:00:00,2020,1,20,15,46,3,70
2020-01-20 18:00:00,2020,1,20,18,25,0,60
2020-01-20 18:00:00,2020,1,20,18,46,5,65
2020-01-20 21:00:00,2020,1,20,21,25,-2,70
2020-01-20 21:00:00,2020,1,20,21,46,4,70
2020-01-21 00:00:00,2020,1,21,0,25,-2,75
2020-01-21 00:00:00,2020,1,21,0,46,3,80
2020-01-21 03:00:00,2020,1,21,3,25,-2,75
2020-01-21 03:00:00,2020,1,21,3,46,3,80
2020-01-21 06:00:00,2020,1,21,6,25,-2,80
2020-01-21 06:00:00,2020,1,21,6,46,3,80
2020-01-21 09:00:00,2020,1,21,9,25,-1,75
2020-01-21 09:00:00,2020,1,21,9,46,3,95
2020-01-21 12:00:00,2020,1,21,12,25,3,60
2020-01-21 12:00:00,2020,1,21,12,46,3,95
2020-01-21 15:00:00,2020,1,21,15,25,6,60
2020-01-21 15:00:00,2020,1,21,15,46,4,90
2020-01-21 18:00:00,2020,1,21,18,25,5,65
2020-01-21 18:00:00,2020,1,21,18,46,8,60
2020-01-21 21:00:00,2020,1,21,21,25,3,75
2020-01-21 21:00:00,2020,1,21,21,46,5,70
2020-01-22 00:00:00,2020,1,22,0,25,3,80
2020-01-22 00:00:00,2020,1,22,0,46,4,70
2020-01-22 03:00:00,2020,1,22,3,25,3,80
2020-01-22 03:00:00,2020,1,22,3,46,2,80
2020-01-22 06:00:00,2020,1,22,6,25,2,80
2020-01-22 06:00:00,2020,1,22,6,46,2,85
2020-01-22 09:00:00,2020,1,22,9,25,3,85
2020-01-22 09:00:00,2020,1,22,9,46,2,85
2020-01-22 12:00:00,2020,1,22,12,25,6,70
2020-01-22 12:00:00,2020,1,22,12,46,1,85
2020-01-22 15:00:00,2020,1,22,15,25,8,60
2020-01-22 15:00:00,2020,1,22,15,46,3,70
2020-01-22 18:00:00,2020,1,22,18,25,6,70
2020-01-22 18:00:00,2020,1,22,18,46,5,65
2020-01-22 21:00:00,2020,1,22,21,25,4,75
2020-01-22 21:00:00,2020,1,22,21,46,3,75
2020-01-23 00:00:00,2020,1,23,0,25,3,80
2020-01-23 00:00:00,2020,1,23,0,46,1,75
2020-01-23 03:00:00,2020,1,23,3,25,2,85
2020-01-23 03:00:00,2020,1,23,3,46,2,80
2020-01-23 06:00:00,2020,1,23,6,25,2,85
2020-01-23 06:00:00,2020,1,23,6,46,2,85
2020-01-23 09:00:00,2020,1,23,9,25,1,90
2020-01-23 09:00:00,2020,1,23,9,46,2,85
2020-01-23 12:00:00,2020,1,23,12,25,3,75
2020-01-23 12:00:00,2020,1,23,12,46,3,90
2020-01-23 15:00:00,2020,1,23,15,25,4,65
2020-01-23 15:00:00,2020,1,23,15,46,7,70
2020-01-23 18:00:00,2020,1,23,18,25,3,70
2020-01-23 18:00:00,2020,1,23,18,46,9,60
2020-01-23 21:00:00,2020,1,23,21,25,1,75
2020-01-23 21:00:00,2020,1,23,21,46,6,70
2020-01-24 00:00:00,2020,1,24,0,25,1,75
2020-01-24 00:00:00,2020,1,24,0,46,4,75
2020-01-24 03:00:00,2020,1,24,3,25,2,80
2020-01-24 03:00:00,2020,1,24,3,46,2,85
2020-01-24 06:00:00,2020,1,24,6,25,1,85
2020-01-24 06:00:00,2020,1,24,6,46,2,85
2020-01-24 09:00:00,2020,1,24,9,25,2,90
2020-01-24 09:00:00,2020,1,24,9,46,1,85
2020-01-24 12:00:00,2020,1,24,12,25,7,70
2020-01-24 12:00:00,2020,1,24,12,46,2,80
2020-01-24 15:00:00,2020,1,24,15,25,8,65
2020-01-24 15:00:00,2020,1,24,15,46,7,60
2020-01-24 18:00:00,2020,1,24,18,25,5,75
2020-01-24 18:00:00,2020,1,24,18,46,10,50
2020-01-24 21:00:00,2020,1,24,21,25,4,80
2020-01-24 21:00:00,2020,1,24,21,46,7,55
2020-01-25 00:00:00,2020,1,25,0,25,2,80
2020-01-25 00:00:00,2020,1,25,0,46,6,65
2020-01-25 03:00:00,2020,1,25,3,25,2,85
2020-01-25 03:00:00,2020,1,25,3,46,5,70
2020-01-25 06:00:00,2020,1,25,6,25,2,90
2020-01-25 06:00:00,2020,1,25,6,46,5,65
2020-01-25 09:00:00,2020,1,25,9,25,3,85
2020-01-25 09:00:00,2020,1,25,9,46,6,70
2020-01-25 12:00:00,2020,1,25,12,25,8,65
2020-01-25 12:00:00,2020,1,25,12,46,6,80
2020-01-25 15:00:00,2020,1,25,15,25,10,55
2020-01-25 15:00:00,2020,1,25,15,46,5,80
2020-01-25 18:00:00,2020,1,25,18,25,7,50
2020-01-25 18:00:00,2020,1,25,18,46,5,75
2020-01-25 21:00:00,2020,1,25,21,25,6,55
2020-01-25 21:00:00,2020,1,25,21,46,3,80
2020-01-26 00:00:00,2020,1,26,0,25,5,60
2020-01-26 00:00:00,2020,1,26,0,46,3,75
2020-01-26 03:00:00,2020,1,26,3,25,6,65
2020-01-26 03:00:00,2020,1,26,3,46,3,80
2020-01-26 06:00:00,2020,1,26,6,25,4,70
2020-01-26 06:00:00,2020,1,26,6,46,4,80
2020-01-26 09:00:00,2020,1,26,9,25,5,70
2020-01-26 09:00:00,2020,1,26,9,46,4,80
2020-01-26 12:00:00,2020,1,26,12,25,6,60
2020-01-26 12:00:00,2020,1,26,12,46,4,85
2020-01-26 15:00:00,2020,1,26,15,25,6,65
2020-01-26 15:00:00,2020,1,26,15,46,7,65
2020-01-26 18:00:00,2020,1,26,18,25,5,70
2020-01-26 18:00:00,2020,1,26,18,46,7,65
2020-01-26 21:00:00,2020,1,26,21,25,4,75
2020-01-26 21:00:00,2020,1,26,21,46,6,65
2020-01-27 00:00:00,2020,1,27,0,25,4,80
2020-01-27 00:00:00,2020,1,27,0,46,4,65
2020-01-27 03:00:00,2020,1,27,3,25,4,80
2020-01-27 03:00:00,2020,1,27,3,46,3,75
2020-01-27 06:00:00,2020,1,27,6,25,4,85
2020-01-27 06:00:00,2020,1,27,6,46,2,80
2020-01-27 09:00:00,2020,1,27,9,25,4,90
2020-01-27 09:00:00,2020,1,27,9,46,2,80
2020-01-27 12:00:00,2020,1,27,12,25,6,75
2020-01-27 12:00:00,2020,1,27,12,46,2,85
2020-01-27 15:00:00,2020,1,27,15,25,7,65
2020-01-27 15:00:00,2020,1,27,15,46,5,70
2020-01-27 18:00:00,2020,1,27,18,25,6,65
2020-01-27 18:00:00,2020,1,27,18,46,6,65
2020-01-27 21:00:00,2020,1,27,21,25,3,70
2020-01-27 21:00:00,2020,1,27,21,46,5,70
2020-01-28 00:00:00,2020,1,28,0,25,3,75
2020-01-28 00:00:00,2020,1,28,0,46,3,75
2020-01-28 03:00:00,2020,1,28,3,25,2,85
2020-01-28 03:00:00,2020,1,28,3,46,2,80
2020-01-28 06:00:00,2020,1,28,6,25,1,85
2020-01-28 06:00:00,2020,1,28,6,46,1,85
2020-01-28 09:00:00,2020,1,28,9,25,2,90
2020-01-28 09:00:00,2020,1,28,9,46,-1,90
2020-01-28 12:00:00,2020,1,28,12,25,6,70
2020-01-28 12:00:00,2020,1,28,12,46,1,85
2020-01-28 15:00:00,2020,1,28,15,25,7,65
2020-01-28 15:00:00,2020,1,28,15,46,6,65
2020-01-28 18:00:00,2020,1,28,18,25,5,70
2020-01-28 18:00:00,2020,1,28,18,46,6,60
2020-01-28 21:00:00,2020,1,28,21,25,3,75
2020-01-28 21:00:00,2020,1,28,21,46,4,70
2020-01-29 00:00:00,2020,1,29,0,25,2,80
2020-01-29 00:00:00,2020,1,29,0,46,0,85
2020-01-29 03:00:00,2020,1,29,3,25,1,85
2020-01-29 03:00:00,2020,1,29,3,46,-1,90
2020-01-29 06:00:00,2020,1,29,6,25,0,90
2020-01-29 06:00:00,2020,1,29,6,46,-1,90
2020-01-29 09:00:00,2020,1,29,9,25,1,90
2020-01-29 09:00:00,2020,1,29,9,46,-2,95
2020-01-29 12:00:00,2020,1,29,12,25,6,60
2020-01-29 12:00:00,2020,1,29,12,46,-1,90
2020-01-29 15:00:00,2020,1,29,15,25,7,50
2020-01-29 15:00:00,2020,1,29,15,46,4,65
2020-01-29 18:00:00,2020,1,29,18,25,4,70
2020-01-29 18:00:00,2020,1,29,18,46,5,60
2020-01-29 21:00:00,2020,1,29,21,25,1,80
2020-01-29 21:00:00,2020,1,29,21,46,2,60
2020-01-30 00:00:00,2020,1,30,0,25,0,90
2020-01-30 00:00:00,2020,1,30,0,46,-1,80
2020-01-30 03:00:00,2020,1,30,3,25,0,90
2020-01-30 03:00:00,2020,1,30,3,46,-1,80
2020-01-30 06:00:00,2020,1,30,6,25,-1,90
2020-01-30 06:00:00,2020,1,30,6,46,-2,80
2020-01-30 09:00:00,2020,1,30,9,25,1,90
2020-01-30 09:00:00,2020,1,30,9,46,-4,80
2020-01-30 12:00:00,2020,1,30,12,25,5,65
2020-01-30 12:00:00,2020,1,30,12,46,-1,80
2020-01-30 15:00:00,2020,1,30,15,25,5,60
2020-01-30 15:00:00,2020,1,30,15,46,5,65
2020-01-30 18:00:00,2020,1,30,18,25,2,65
2020-01-30 18:00:00,2020,1,30,18,46,6,55
2020-01-30 21:00:00,2020,1,30,21,25,-1,80
2020-01-30 21:00:00,2020,1,30,21,46,3,60
2020-01-31 00:00:00,2020,1,31,0,25,-1,85
2020-01-31 00:00:00,2020,1,31,0,46,1,70
2020-01-31 03:00:00,2020,1,31,3,25,-2,75
2020-01-31 03:00:00,2020,1,31,3,46,-1,70
2020-01-31 06:00:00,2020,1,31,6,25,-3,85
2020-01-31 06:00:00,2020,1,31,6,46,-2,75
2020-01-31 09:00:00,2020,1,31,9,25,0,90
2020-01-31 09:00:00,2020,1,31,9,46,-3,75
2020-01-31 12:00:00,2020,1,31,12,25,5,65
2020-01-31 12:00:00,2020,1,31,12,46,-1,75
2020-01-31 15:00:00,2020,1,31,15,25,7,60
2020-01-31 15:00:00,2020,1,31,15,46,3,50
2020-01-31 18:00:00,2020,1,31,18,25,4,65
2020-01-31 18:00:00,2020,1,31,18,46,4,45
2020-01-31 21:00:00,2020,1,31,21,25,2,65
2020-01-31 21:00:00,2020,1,31,21,46,1,55
2020-02-01 00:00:00,2020,2,1,0,25,-1,70
2020-02-01 00:00:00,2020,2,1,0,46,-1,70
2020-02-01 03:00:00,2020,2,1,3,25,-2,75
2020-02-01 03:00:00,2020,2,1,3,46,-1,75
2020-02-01 06:00:00,2020,2,1,6,25,-3,80
2020-02-01 06:00:00,2020,2,1,6,46,-1,80
2020-02-01 09:00:00,2020,2,1,9,25,-1,75
2020-02-01 09:00:00,2020,2,1,9,46,-1,75
2020-02-01 12:00:00,2020,2,1,12,25,3,50
2020-02-01 12:00:00,2020,2,1,12,46,-1,70
2020-02-01 15:00:00,2020,2,1,15,25,4,45
2020-02-01 15:00:00,2020,2,1,15,46,2,50
2020-02-01 18:00:00,2020,2,1,18,25,2,60
2020-02-01 18:00:00,2020,2,1,18,46,2,45
2020-02-01 21:00:00,2020,2,1,21,25,-1,75
2020-02-01 21:00:00,2020,2,1,21,46,-1,50
2020-02-02 00:00:00,2020,2,2,0,25,-1,85
2020-02-02 00:00:00,2020,2,2,0,46,-3,65
2020-02-02 03:00:00,2020,2,2,3,25,-2,80
2020-02-02 03:00:00,2020,2,2,3,46,-3,70
2020-02-02 06:00:00,2020,2,2,6,25,0,70
2020-02-02 06:00:00,2020,2,2,6,46,-5,75
2020-02-02 09:00:00,2020,2,2,9,25,-1,70
2020-02-02 09:00:00,2020,2,2,9,46,-6,75
2020-02-02 12:00:00,2020,2,2,12,25,2,50
2020-02-02 12:00:00,2020,2,2,12,46,-3,60
2020-02-02 15:00:00,2020,2,2,15,25,2,45
2020-02-02 15:00:00,2020,2,2,15,46,3,45
2020-02-02 18:00:00,2020,2,2,18,25,-1,50
2020-02-02 18:00:00,2020,2,2,18,46,4,50
2020-02-02 21:00:00,2020,2,2,21,25,-3,65
2020-02-02 21:00:00,2020,2,2,21,46,2,65
2020-02-03 00:00:00,2020,2,3,0,25,-4,65
2020-02-03 00:00:00,2020,2,3,0,46,0,70
2020-02-03 03:00:00,2020,2,3,3,25,-5,75
2020-02-03 03:00:00,2020,2,3,3,46,-3,55
2020-02-03 06:00:00,2020,2,3,6,25,-5,80
2020-02-03 06:00:00,2020,2,3,6,46,-6,55
2020-02-03 09:00:00,2020,2,3,9,25,-3,65
2020-02-03 09:00:00,2020,2,3,9,46,-8,55
2020-02-03 12:00:00,2020,2,3,12,25,3,50
2020-02-03 12:00:00,2020,2,3,12,46,-7,50
2020-02-03 15:00:00,2020,2,3,15,25,5,50
2020-02-03 15:00:00,2020,2,3,15,46,-5,40
2020-02-03 18:00:00,2020,2,3,18,25,2,65
2020-02-03 18:00:00,2020,2,3,18,46,-4,40
2020-02-03 21:00:00,2020,2,3,21,25,1,75
2020-02-03 21:00:00,2020,2,3,21,46,-5,45
2020-02-04 00:00:00,2020,2,4,0,25,-2,65
2020-02-04 00:00:00,2020,2,4,0,46,-6,55
2020-02-04 03:00:00,2020,2,4,3,25,-7,60
2020-02-04 03:00:00,2020,2,4,3,46,-7,55
2020-02-04 06:00:00,2020,2,4,6,25,-8,60
2020-02-04 06:00:00,2020,2,4,6,46,-8,60
2020-02-04 09:00:00,2020,2,4,9,25,-7,55
2020-02-04 09:00:00,2020,2,4,9,46,-9,65
2020-02-04 12:00:00,2020,2,4,12,25,-5,40
2020-02-04 12:00:00,2020,2,4,12,46,-8,50
2020-02-04 15:00:00,2020,2,4,15,25,-4,40
2020-02-04 15:00:00,2020,2,4,15,46,-4,25
2020-02-04 18:00:00,2020,2,4,18,25,-5,45
2020-02-04 18:00:00,2020,2,4,18,46,-2,20
2020-02-04 21:00:00,2020,2,4,21,25,-6,55
2020-02-04 21:00:00,2020,2,4,21,46,-3,45
2020-02-05 00:00:00,2020,2,5,0,25,-7,50
2020-02-05 00:00:00,2020,2,5,0,46,-4,65
2020-02-05 03:00:00,2020,2,5,3,25,-8,55
2020-02-05 03:00:00,2020,2,5,3,46,-5,65
2020-02-05 06:00:00,2020,2,5,6,25,-9,60
2020-02-05 06:00:00,2020,2,5,6,46,-6,75
2020-02-05 09:00:00,2020,2,5,9,25,-8,50
2020-02-05 09:00:00,2020,2,5,9,46,-7,70
2020-02-05 12:00:00,2020,2,5,12,25,-3,25
2020-02-05 12:00:00,2020,2,5,12,46,-4,65
2020-02-05 15:00:00,2020,2,5,15,25,-1,25
2020-02-05 15:00:00,2020,2,5,15,46,1,40
2020-02-05 18:00:00,2020,2,5,18,25,-4,45
2020-02-05 18:00:00,2020,2,5,18,46,3,55
2020-02-05 21:00:00,2020,2,5,21,25,-6,65
2020-02-05 21:00:00,2020,2,5,21,46,1,65
2020-02-06 00:00:00,2020,2,6,0,25,-6,65
2020-02-06 00:00:00,2020,2,6,0,46,0,75
2020-02-06 03:00:00,2020,2,6,3,25,-6,75
2020-02-06 03:00:00,2020,2,6,3,46,0,80
2020-02-06 06:00:00,2020,2,6,6,25,-7,75
2020-02-06 06:00:00,2020,2,6,6,46,0,80
2020-02-06 09:00:00,2020,2,6,9,25,-4,60
2020-02-06 09:00:00,2020,2,6,9,46,0,85
2020-02-06 12:00:00,2020,2,6,12,25,1,45
2020-02-06 12:00:00,2020,2,6,12,46,0,85
2020-02-06 15:00:00,2020,2,6,15,25,3,55
2020-02-06 15:00:00,2020,2,6,15,46,4,50
2020-02-06 18:00:00,2020,2,6,18,25,1,65
2020-02-06 18:00:00,2020,2,6,18,46,4,40
2020-02-06 21:00:00,2020,2,6,21,25,-1,75
2020-02-06 21:00:00,2020,2,6,21,46,2,50
2020-02-07 00:00:00,2020,2,7,0,25,-1,80
2020-02-07 00:00:00,2020,2,7,0,46,0,60
2020-02-07 03:00:00,2020,2,7,3,25,0,80
2020-02-07 03:00:00,2020,2,7,3,46,-2,65
2020-02-07 06:00:00,2020,2,7,6,25,-1,85
2020-02-07 06:00:00,2020,2,7,6,46,-4,75
2020-02-07 09:00:00,2020,2,7,9,25,-1,85
2020-02-07 09:00:00,2020,2,7,9,46,-5,85
2020-02-07 12:00:00,2020,2,7,12,25,3,55
2020-02-07 12:00:00,2020,2,7,12,46,-2,70
2020-02-07 15:00:00,2020,2,7,15,25,4,40
2020-02-07 15:00:00,2020,2,7,15,46,4,35
2020-02-07 18:00:00,2020,2,7,18,25,1,45
2020-02-07 18:00:00,2020,2,7,18,46,5,40
2020-02-07 21:00:00,2020,2,7,21,25,-1,55
2020-02-07 21:00:00,2020,2,7,21,46,2,60
2020-02-08 00:00:00,2020,2,8,0,25,-2,65
2020-02-08 00:00:00,2020,2,8,0,46,0,75
2020-02-08 03:00:00,2020,2,8,3,25,-4,70
2020-02-08 03:00:00,2020,2,8,3,46,0,80
2020-02-08 06:00:00,2020,2,8,6,25,-5,75
2020-02-08 06:00:00,2020,2,8,6,46,1,80
2020-02-08 09:00:00,2020,2,8,9,25,-3,60
2020-02-08 09:00:00,2020,2,8,9,46,2,85
2020-02-08 12:00:00,2020,2,8,12,25,3,35
2020-02-08 12:00:00,2020,2,8,12,46,3,90
2020-02-08 15:00:00,2020,2,8,15,25,4,45
2020-02-08 15:00:00,2020,2,8,15,46,8,60
2020-02-08 18:00:00,2020,2,8,18,25,2,60
2020-02-08 18:00:00,2020,2,8,18,46,8,45
2020-02-08 21:00:00,2020,2,8,21,25,-1,75
2020-02-08 21:00:00,2020,2,8,21,46,5,65
2020-02-09 00:00:00,2020,2,9,0,25,1,75
2020-02-09 00:00:00,2020,2,9,0,46,1,80
2020-02-09 03:00:00,2020,2,9,3,25,2,80
2020-02-09 03:00:00,2020,2,9,3,46,-1,85
2020-02-09 06:00:00,2020,2,9,6,25,2,90
2020-02-09 06:00:00,2020,2,9,6,46,-1,80
2020-02-09 09:00:00,2020,2,9,9,25,2,90
2020-02-09 09:00:00,2020,2,9,9,46,-2,75
2020-02-09 12:00:00,2020,2,9,12,25,7,55
2020-02-09 12:00:00,2020,2,9,12,46,2,60
2020-02-09 15:00:00,2020,2,9,15,25,8,40
2020-02-09 15:00:00,2020,2,9,15,46,10,40
2020-02-09 18:00:00,2020,2,9,18,25,5,60
2020-02-09 18:00:00,2020,2,9,18,46,13,30
2020-02-09 21:00:00,2020,2,9,21,25,1,70
2020-02-09 21:00:00,2020,2,9,21,46,8,55
2020-02-10 00:00:00,2020,2,10,0,25,-1,85
2020-02-10 00:00:00,2020,2,10,0,46,5,70
2020-02-10 03:00:00,2020,2,10,3,25,-1,75
2020-02-10 03:00:00,2020,2,10,3,46,5,80
2020-02-10 06:00:00,2020,2,10,6,25,-1,75
2020-02-10 06:00:00,2020,2,10,6,46,5,80
2020-02-10 09:00:00,2020,2,10,9,25,2,55
2020-02-10 09:00:00,2020,2,10,9,46,5,80
2020-02-10 12:00:00,2020,2,10,12,25,10,40
2020-02-10 12:00:00,2020,2,10,12,46,4,90
2020-02-10 15:00:00,2020,2,10,15,25,13,25
2020-02-10 15:00:00,2020,2,10,15,46,6,90
2020-02-10 18:00:00,2020,2,10,18,25,8,50
2020-02-10 18:00:00,2020,2,10,18,46,7,90
2020-02-10 21:00:00,2020,2,10,21,25,5,65
2020-02-10 21:00:00,2020,2,10,21,46,8,90
2020-02-11 00:00:00,2020,2,11,0,25,5,75
2020-02-11 00:00:00,2020,2,11,0,46,8,90
2020-02-11 03:00:00,2020,2,11,3,25,5,80
2020-02-11 03:00:00,2020,2,11,3,46,7,90
2020-02-11 06:00:00,2020,2,11,6,25,5,85
2020-02-11 06:00:00,2020,2,11,6,46,6,90
2020-02-11 09:00:00,2020,2,11,9,25,4,90
2020-02-11 09:00:00,2020,2,11,9,46,6,90
2020-02-11 12:00:00,2020,2,11,12,25,6,90
2020-02-11 12:00:00,2020,2,11,12,46,5,90
2020-02-11 15:00:00,2020,2,11,15,25,7,90
2020-02-11 15:00:00,2020,2,11,15,46,8,80
2020-02-11 18:00:00,2020,2,11,18,25,8,90
2020-02-11 18:00:00,2020,2,11,18,46,10,70
2020-02-11 21:00:00,2020,2,11,21,25,7,90
2020-02-11 21:00:00,2020,2,11,21,46,7,75
2020-02-12 00:00:00,2020,2,12,0,25,6,90
2020-02-12 00:00:00,2020,2,12,0,46,5,80
2020-02-12 03:00:00,2020,2,12,3,25,5,90
2020-02-12 03:00:00,2020,2,12,3,46,4,90
2020-02-12 06:00:00,2020,2,12,6,25,2,90
2020-02-12 06:00:00,2020,2,12,6,46,4,90
2020-02-12 09:00:00,2020,2,12,9,25,3,95
2020-02-12 09:00:00,2020,2,12,9,46,5,85
2020-02-12 12:00:00,2020,2,12,12,25,9,80
2020-02-12 12:00:00,2020,2,12,12,46,5,85
2020-02-12 15:00:00,2020,2,12,15,25,10,75
2020-02-12 15:00:00,2020,2,12,15,46,6,80
2020-02-12 18:00:00,2020,2,12,18,25,8,75
2020-02-12 18:00:00,2020,2,12,18,46,11,65
2020-02-12 21:00:00,2020,2,12,21,25,5,80
2020-02-12 21:00:00,2020,2,12,21,46,9,75
2020-02-13 00:00:00,2020,2,13,0,25,3,90
2020-02-13 00:00:00,2020,2,13,0,46,5,80
2020-02-13 03:00:00,2020,2,13,3,25,3,90
2020-02-13 03:00:00,2020,2,13,3,46,4,90
2020-02-13 06:00:00,2020,2,13,6,25,3,90
2020-02-13 06:00:00,2020,2,13,6,46,5,85
2020-02-13 09:00:00,2020,2,13,9,25,4,90
2020-02-13 09:00:00,2020,2,13,9,46,6,85
2020-02-13 12:00:00,2020,2,13,12,25,8,80
2020-02-13 12:00:00,2020,2,13,12,46,7,75
2020-02-13 15:00:00,2020,2,13,15,25,11,70
2020-02-13 15:00:00,2020,2,13,15,46,13,60
2020-02-13 18:00:00,2020,2,13,18,25,9,75
2020-02-13 18:00:00,2020,2,13,18,46,15,50
2020-02-13 21:00:00,2020,2,13,21,25,5,80
2020-02-13 21:00:00,2020,2,13,21,46,12,65
2020-02-14 00:00:00,2020,2,14,0,25,4,85
2020-02-14 00:00:00,2020,2,14,0,46,8,75
2020-02-14 03:00:00,2020,2,14,3,25,4,85
2020-02-14 03:00:00,2020,2,14,3,46,6,85
2020-02-14 06:00:00,2020,2,14,6,25,6,85
2020-02-14 06:00:00,2020,2,14,6,46,4,90
2020-02-14 09:00:00,2020,2,14,9,25,8,80
2020-02-14 09:00:00,2020,2,14,9,46,2,80
2020-02-14 12:00:00,2020,2,14,12,25,13,60
2020-02-14 12:00:00,2020,2,14,12,46,0,85
2020-02-14 15:00:00,2020,2,14,15,25,15,50
2020-02-14 15:00:00,2020,2,14,15,46,0,65
2020-02-14 18:00:00,2020,2,14,18,25,12,75
2020-02-14 18:00:00,2020,2,14,18,46,0,60
2020-02-14 21:00:00,2020,2,14,21,25,8,80
2020-02-14 21:00:00,2020,2,14,21,46,-1,65
2020-02-15 00:00:00,2020,2,15,0,25,6,90
2020-02-15 00:00:00,2020,2,15,0,46,-1,60
2020-02-15 03:00:00,2020,2,15,3,25,4,90
2020-02-15 03:00:00,2020,2,15,3,46,-2,65
2020-02-15 06:00:00,2020,2,15,6,25,2,85
2020-02-15 06:00:00,2020,2,15,6,46,-2,60
2020-02-15 09:00:00,2020,2,15,9,25,0,70
2020-02-15 09:00:00,2020,2,15,9,46,-3,60
2020-02-15 12:00:00,2020,2,15,12,25,0,65
2020-02-15 12:00:00,2020,2,15,12,46,-4,65
2020-02-15 15:00:00,2020,2,15,15,25,0,60
2020-02-15 15:00:00,2020,2,15,15,46,-2,65
2020-02-15 18:00:00,2020,2,15,18,25,-1,65
2020-02-15 18:00:00,2020,2,15,18,46,-3,60
2020-02-15 21:00:00,2020,2,15,21,25,-1,60
2020-02-15 21:00:00,2020,2,15,21,46,-4,55
2020-02-16 00:00:00,2020,2,16,0,25,-2,65
2020-02-16 00:00:00,2020,2,16,0,46,-4,60
2020-02-16 03:00:00,2020,2,16,3,25,-2,65
2020-02-16 03:00:00,2020,2,16,3,46,-4,60
2020-02-16 06:00:00,2020,2,16,6,25,-3,60
2020-02-16 06:00:00,2020,2,16,6,46,-5,65
2020-02-16 09:00:00,2020,2,16,9,25,-3,65
2020-02-16 09:00:00,2020,2,16,9,46,-6,70
2020-02-16 12:00:00,2020,2,16,12,25,-3,60
2020-02-16 12:00:00,2020,2,16,12,46,-4,60
2020-02-16 15:00:00,2020,2,16,15,25,-3,60
2020-02-16 15:00:00,2020,2,16,15,46,0,45
2020-02-16 18:00:00,2020,2,16,18,25,-4,60
2020-02-16 18:00:00,2020,2,16,18,46,2,45
2020-02-16 21:00:00,2020,2,16,21,25,-4,60
2020-02-16 21:00:00,2020,2,16,21,46,0,55
2020-02-17 00:00:00,2020,2,17,0,25,-4,65
2020-02-17 00:00:00,2020,2,17,0,46,-2,70
2020-02-17 03:00:00,2020,2,17,3,25,-5,65
2020-02-17 03:00:00,2020,2,17,3,46,-3,80
2020-02-17 06:00:00,2020,2,17,6,25,-5,60
2020-02-17 06:00:00,2020,2,17,6,46,-1,85
2020-02-17 09:00:00,2020,2,17,9,25,-3,55
2020-02-17 09:00:00,2020,2,17,9,46,-1,85
2020-02-17 12:00:00,2020,2,17,12,25,1,40
2020-02-17 12:00:00,2020,2,17,12,46,1,75
2020-02-17 15:00:00,2020,2,17,15,25,2,40
2020-02-17 15:00:00,2020,2,17,15,46,8,55
2020-02-17 18:00:00,2020,2,17,18,25,0,60
2020-02-17 18:00:00,2020,2,17,18,46,9,60
2020-02-17 21:00:00,2020,2,17,21,25,-1,70
2020-02-17 21:00:00,2020,2,17,21,46,6,70
2020-02-18 00:00:00,2020,2,18,0,25,-2,80
2020-02-18 00:00:00,2020,2,18,0,46,2,80
2020-02-18 03:00:00,2020,2,18,3,25,-1,80
2020-02-18 03:00:00,2020,2,18,3,46,1,85
2020-02-18 06:00:00,2020,2,18,6,25,-1,85
2020-02-18 06:00:00,2020,2,18,6,46,0,90
2020-02-18 09:00:00,2020,2,18,9,25,1,80
2020-02-18 09:00:00,2020,2,18,9,46,-1,90
2020-02-18 12:00:00,2020,2,18,12,25,8,60
2020-02-18 12:00:00,2020,2,18,12,46,1,95
2020-02-18 15:00:00,2020,2,18,15,25,9,55
2020-02-18 15:00:00,2020,2,18,15,46,8,70
2020-02-18 18:00:00,2020,2,18,18,25,6,70
2020-02-18 18:00:00,2020,2,18,18,46,10,55
2020-02-18 21:00:00,2020,2,18,21,25,3,80
2020-02-18 21:00:00,2020,2,18,21,46,6,70
2020-02-19 00:00:00,2020,2,19,0,25,2,85
2020-02-19 00:00:00,2020,2,19,0,46,3,80
2020-02-19 03:00:00,2020,2,19,3,25,1,85
2020-02-19 03:00:00,2020,2,19,3,46,1,85
2020-02-19 06:00:00,2020,2,19,6,25,0,95
2020-02-19 06:00:00,2020,2,19,6,46,1,85
2020-02-19 09:00:00,2020,2,19,9,25,1,95
2020-02-19 09:00:00,2020,2,19,9,46,0,85
2020-02-19 12:00:00,2020,2,19,12,25,9,65
2020-02-19 12:00:00,2020,2,19,12,46,3,80
2020-02-19 15:00:00,2020,2,19,15,25,10,50
2020-02-19 15:00:00,2020,2,19,15,46,10,50
2020-02-19 18:00:00,2020,2,19,18,25,6,75
2020-02-19 18:00:00,2020,2,19,18,46,12,45
2020-02-19 21:00:00,2020,2,19,21,25,3,80
2020-02-19 21:00:00,2020,2,19,21,46,10,60
2020-02-20 00:00:00,2020,2,20,0,25,1,90
2020-02-20 00:00:00,2020,2,20,0,46,7,75
2020-02-20 03:00:00,2020,2,20,3,25,1,90
2020-02-20 03:00:00,2020,2,20,3,46,7,80
2020-02-20 06:00:00,2020,2,20,6,25,1,85
2020-02-20 06:00:00,2020,2,20,6,46,7,80
2020-02-20 09:00:00,2020,2,20,9,25,3,85
2020-02-20 09:00:00,2020,2,20,9,46,4,80
2020-02-20 12:00:00,2020,2,20,12,25,9,55
2020-02-20 12:00:00,2020,2,20,12,46,5,75
2020-02-20 15:00:00,2020,2,20,15,25,11,50
2020-02-20 15:00:00,2020,2,20,15,46,9,40
2020-02-20 18:00:00,2020,2,20,18,25,10,55
2020-02-20 18:00:00,2020,2,20,18,46,6,45
2020-02-20 21:00:00,2020,2,20,21,25,7,70
2020-02-20 21:00:00,2020,2,20,21,46,3,50
2020-02-21 00:00:00,2020,2,21,0,25,7,85
2020-02-21 00:00:00,2020,2,21,0,46,1,55
2020-02-21 03:00:00,2020,2,21,3,25,7,80
2020-02-21 03:00:00,2020,2,21,3,46,1,60
2020-02-21 06:00:00,2020,2,21,6,25,4,80
2020-02-21 06:00:00,2020,2,21,6,46,0,65
2020-02-21 09:00:00,2020,2,21,9,25,6,75
2020-02-21 09:00:00,2020,2,21,9,46,-2,70
2020-02-21 12:00:00,2020,2,21,12,25,7,55
2020-02-21 12:00:00,2020,2,21,12,46,2,70
2020-02-21 15:00:00,2020,2,21,15,25,6,45
2020-02-21 15:00:00,2020,2,21,15,46,6,40
2020-02-21 18:00:00,2020,2,21,18,25,3,50
2020-02-21 18:00:00,2020,2,21,18,46,8,40
2020-02-21 21:00:00,2020,2,21,21,25,2,55
2020-02-21 21:00:00,2020,2,21,21,46,5,50
2020-02-22 00:00:00,2020,2,22,0,25,2,60
2020-02-22 00:00:00,2020,2,22,0,46,2,75
2020-02-22 03:00:00,2020,2,22,3,25,0,65
2020-02-22 03:00:00,2020,2,22,3,46,1,80
2020-02-22 06:00:00,2020,2,22,6,25,-2,70
2020-02-22 06:00:00,2020,2,22,6,46,1,85
2020-02-22 09:00:00,2020,2,22,9,25,2,70
2020-02-22 09:00:00,2020,2,22,9,46,1,85
2020-02-22 12:00:00,2020,2,22,12,25,6,40
2020-02-22 12:00:00,2020,2,22,12,46,4,85
2020-02-22 15:00:00,2020,2,22,15,25,8,40
2020-02-22 15:00:00,2020,2,22,15,46,11,60
2020-02-22 18:00:00,2020,2,22,18,25,5,50
2020-02-22 18:00:00,2020,2,22,18,46,13,50
2020-02-22 21:00:00,2020,2,22,21,25,2,70
2020-02-22 21:00:00,2020,2,22,21,46,10,65
2020-02-23 00:00:00,2020,2,23,0,25,1,80
2020-02-23 00:00:00,2020,2,23,0,46,9,75
2020-02-23 03:00:00,2020,2,23,3,25,1,85
2020-02-23 03:00:00,2020,2,23,3,46,8,85
2020-02-23 06:00:00,2020,2,23,6,25,0,85
2020-02-23 06:00:00,2020,2,23,6,46,8,90
2020-02-23 09:00:00,2020,2,23,9,25,4,80
2020-02-23 09:00:00,2020,2,23,9,46,8,85
2020-02-23 12:00:00,2020,2,23,12,25,11,60
2020-02-23 12:00:00,2020,2,23,12,46,7,90
2020-02-23 15:00:00,2020,2,23,15,25,13,50
2020-02-23 15:00:00,2020,2,23,15,46,8,95
2020-02-23 18:00:00,2020,2,23,18,25,10,60
2020-02-23 18:00:00,2020,2,23,18,46,7,90
2020-02-23 21:00:00,2020,2,23,21,25,8,75
2020-02-23 21:00:00,2020,2,23,21,46,7,90
2020-02-24 00:00:00,2020,2,24,0,25,7,90
2020-02-24 00:00:00,2020,2,24,0,46,7,85
2020-02-24 03:00:00,2020,2,24,3,25,7,90
2020-02-24 03:00:00,2020,2,24,3,46,6,85
2020-02-24 06:00:00,2020,2,24,6,25,7,85
2020-02-24 06:00:00,2020,2,24,6,46,4,85
2020-02-24 09:00:00,2020,2,24,9,25,6,95
2020-02-24 09:00:00,2020,2,24,9,46,3,85
2020-02-24 12:00:00,2020,2,24,12,25,5,95
2020-02-24 12:00:00,2020,2,24,12,46,5,80
2020-02-24 15:00:00,2020,2,24,15,25,6,90
2020-02-24 15:00:00,2020,2,24,15,46,9,65
2020-02-24 18:00:00,2020,2,24,18,25,7,85
2020-02-24 18:00:00,2020,2,24,18,46,9,55
2020-02-24 21:00:00,2020,2,24,21,25,6,85
2020-02-24 21:00:00,2020,2,24,21,46,6,65
2020-02-25 00:00:00,2020,2,25,0,25,5,85
2020-02-25 00:00:00,2020,2,25,0,46,4,75
2020-02-25 03:00:00,2020,2,25,3,25,4,85
2020-02-25 03:00:00,2020,2,25,3,46,3,80
2020-02-25 06:00:00,2020,2,25,6,25,3,90
2020-02-25 06:00:00,2020,2,25,6,46,2,85
2020-02-25 09:00:00,2020,2,25,9,25,4,85
2020-02-25 09:00:00,2020,2,25,9,46,1,90
2020-02-25 12:00:00,2020,2,25,12,25,9,65
2020-02-25 12:00:00,2020,2,25,12,46,3,80
2020-02-25 15:00:00,2020,2,25,15,25,9,60
2020-02-25 15:00:00,2020,2,25,15,46,7,55
2020-02-25 18:00:00,2020,2,25,18,25,6,65
2020-02-25 18:00:00,2020,2,25,18,46,9,50
2020-02-25 21:00:00,2020,2,25,21,25,3,75
2020-02-25 21:00:00,2020,2,25,21,46,7,60
2020-02-26 00:00:00,2020,2,26,0,25,3,80
2020-02-26 00:00:00,2020,2,26,0,46,3,80
2020-02-26 03:00:00,2020,2,26,3,25,2,85
2020-02-26 03:00:00,2020,2,26,3,46,1,85
2020-02-26 06:00:00,2020,2,26,6,25,0,90
2020-02-26 06:00:00,2020,2,26,6,46,2,80
2020-02-26 09:00:00,2020,2,26,9,25,3,85
2020-02-26 09:00:00,2020,2,26,9,46,2,80
2020-02-26 12:00:00,2020,2,26,12,25,7,55
2020-02-26 12:00:00,2020,2,26,12,46,3,80
2020-02-26 15:00:00,2020,2,26,15,25,9,50
2020-02-26 15:00:00,2020,2,26,15,46,5,75
2020-02-26 18:00:00,2020,2,26,18,25,7,60
2020-02-26 18:00:00,2020,2,26,18,46,5,85
2020-02-26 21:00:00,2020,2,26,21,25,3,75
2020-02-26 21:00:00,2020,2,26,21,46,5,80
2020-02-27 00:00:00,2020,2,27,0,25,1,85
2020-02-27 00:00:00,2020,2,27,0,46,4,85
2020-02-27 03:00:00,2020,2,27,3,25,1,80
2020-02-27 03:00:00,2020,2,27,3,46,4,90
2020-02-27 06:00:00,2020,2,27,6,25,2,80
2020-02-27 06:00:00,2020,2,27,6,46,4,90
2020-02-27 09:00:00,2020,2,27,9,25,4,80
2020-02-27 09:00:00,2020,2,27,9,46,3,90
2020-02-27 12:00:00,2020,2,27,12,25,5,80
2020-02-27 12:00:00,2020,2,27,12,46,5,90
2020-02-27 15:00:00,2020,2,27,15,25,5,85
2020-02-27 15:00:00,2020,2,27,15,46,8,75
2020-02-27 18:00:00,2020,2,27,18,25,6,85
2020-02-27 18:00:00,2020,2,27,18,46,10,65
2020-02-27 21:00:00,2020,2,27,21,25,5,85
2020-02-27 21:00:00,2020,2,27,21,46,8,65
2020-02-28 00:00:00,2020,2,28,0,25,4,85
2020-02-28 00:00:00,2020,2,28,0,46,4,80
2020-02-28 03:00:00,2020,2,28,3,25,4,90
2020-02-28 03:00:00,2020,2,28,3,46,3,85
2020-02-28 06:00:00,2020,2,28,6,25,2,90
2020-02-28 06:00:00,2020,2,28,6,46,2,90
2020-02-28 09:00:00,2020,2,28,9,25,4,90
2020-02-28 09:00:00,2020,2,28,9,46,1,90
2020-02-28 12:00:00,2020,2,28,12,25,9,75
2020-02-28 12:00:00,2020,2,28,12,46,4,85
2020-02-28 15:00:00,2020,2,28,15,25,10,65
2020-02-28 15:00:00,2020,2,28,15,46,11,65
2020-02-28 18:00:00,2020,2,28,18,25,8,70
2020-02-28 18:00:00,2020,2,28,18,46,11,55
2020-02-28 21:00:00,2020,2,28,21,25,4,80
2020-02-28 21:00:00,2020,2,28,21,46,7,65
2020-02-29 00:00:00,2020,2,29,0,25,3,85
2020-02-29 00:00:00,2020,2,29,0,46,4,75
2020-02-29 03:00:00,2020,2,29,3,25,2,90
2020-02-29 03:00:00,2020,2,29,3,46,4,75
2020-02-29 06:00:00,2020,2,29,6,25,1,95
2020-02-29 06:00:00,2020,2,29,6,46,2,80
2020-02-29 09:00:00,2020,2,29,9,25,3,90
2020-02-29 09:00:00,2020,2,29,9,46,2,75
2020-02-29 12:00:00,2020,2,29,12,25,9,65
2020-02-29 12:00:00,2020,2,29,12,46,3,60
2020-02-29 15:00:00,2020,2,29,15,25,10,55
2020-02-29 15:00:00,2020,2,29,15,46,5,50
2020-02-29 18:00:00,2020,2,29,18,25,6,65
2020-02-29 18:00:00,2020,2,29,18,46,6,40
2020-02-29 21:00:00,2020,2,29,21,25,4,80
2020-02-29 21:00:00,2020,2,29,21,46,4,50
2020-03-01 00:00:00,2020,3,1,0,25,4,70
2020-03-01 00:00:00,2020,3,1,0,46,1,70
2020-03-01 03:00:00,2020,3,1,3,25,3,80
2020-03-01 03:00:00,2020,3,1,3,46,0,75
2020-03-01 06:00:00,2020,3,1,6,25,2,65
2020-03-01 06:00:00,2020,3,1,6,46,-1,85
2020-03-01 09:00:00,2020,3,1,9,25,3,55
2020-03-01 09:00:00,2020,3,1,9,46,-1,90
2020-03-01 12:00:00,2020,3,1,12,25,5,45
2020-03-01 12:00:00,2020,3,1,12,46,2,75
2020-03-01 15:00:00,2020,3,1,15,25,6,40
2020-03-01 15:00:00,2020,3,1,15,46,9,45
2020-03-01 18:00:00,2020,3,1,18,25,4,50
2020-03-01 18:00:00,2020,3,1,18,46,9,55
2020-03-01 21:00:00,2020,3,1,21,25,2,70
2020-03-01 21:00:00,2020,3,1,21,46,6,65
2020-03-02 00:00:00,2020,3,2,0,25,1,75
2020-03-02 00:00:00,2020,3,2,0,46,2,80
2020-03-02 03:00:00,2020,3,2,3,25,0,80
2020-03-02 03:00:00,2020,3,2,3,46,1,85
2020-03-02 06:00:00,2020,3,2,6,25,-1,85
2020-03-02 06:00:00,2020,3,2,6,46,2,85
2020-03-02 09:00:00,2020,3,2,9,25,2,75
2020-03-02 09:00:00,2020,3,2,9,46,1,85
2020-03-02 12:00:00,2020,3,2,12,25,9,45
2020-03-02 12:00:00,2020,3,2,12,46,3,75
2020-03-02 15:00:00,2020,3,2,15,25,9,55
2020-03-02 15:00:00,2020,3,2,15,46,5,60
2020-03-02 18:00:00,2020,3,2,18,25,5,70
2020-03-02 18:00:00,2020,3,2,18,46,4,55
2020-03-02 21:00:00,2020,3,2,21,25,3,80
2020-03-02 21:00:00,2020,3,2,21,46,1,60
2020-03-03 00:00:00,2020,3,3,0,25,1,85
2020-03-03 00:00:00,2020,3,3,0,46,1,60
2020-03-03 03:00:00,2020,3,3,3,25,3,85
2020-03-03 03:00:00,2020,3,3,3,46,1,60
2020-03-03 06:00:00,2020,3,3,6,25,2,80
2020-03-03 06:00:00,2020,3,3,6,46,0,65
2020-03-03 09:00:00,2020,3,3,9,25,4,70
2020-03-03 09:00:00,2020,3,3,9,46,-1,70
2020-03-03 12:00:00,2020,3,3,12,25,4,60
2020-03-03 12:00:00,2020,3,3,12,46,1,60
2020-03-03 15:00:00,2020,3,3,15,25,3,55
2020-03-03 15:00:00,2020,3,3,15,46,4,45
2020-03-03 18:00:00,2020,3,3,18,25,1,60
2020-03-03 18:00:00,2020,3,3,18,46,5,45
2020-03-03 21:00:00,2020,3,3,21,25,1,60
2020-03-03 21:00:00,2020,3,3,21,46,4,50
2020-03-04 00:00:00,2020,3,4,0,25,1,55
2020-03-04 00:00:00,2020,3,4,0,46,1,70
2020-03-04 03:00:00,2020,3,4,3,25,0,60
2020-03-04 03:00:00,2020,3,4,3,46,-1,75
2020-03-04 06:00:00,2020,3,4,6,25,-1,65
2020-03-04 06:00:00,2020,3,4,6,46,-2,80
2020-03-04 09:00:00,2020,3,4,9,25,1,60
2020-03-04 09:00:00,2020,3,4,9,46,-3,80
2020-03-04 12:00:00,2020,3,4,12,25,4,45
2020-03-04 12:00:00,2020,3,4,12,46,1,70
2020-03-04 15:00:00,2020,3,4,15,25,5,45
2020-03-04 15:00:00,2020,3,4,15,46,6,50
2020-03-04 18:00:00,2020,3,4,18,25,3,55
2020-03-04 18:00:00,2020,3,4,18,46,7,50
2020-03-04 21:00:00,2020,3,4,21,25,0,70
2020-03-04 21:00:00,2020,3,4,21,46,5,65
2020-03-05 00:00:00,2020,3,5,0,25,-2,75
2020-03-05 00:00:00,2020,3,5,0,46,2,75
2020-03-05 03:00:00,2020,3,5,3,25,-2,80
2020-03-05 03:00:00,2020,3,5,3,46,0,85
2020-03-05 06:00:00,2020,3,5,6,25,-3,85
2020-03-05 06:00:00,2020,3,5,6,46,-1,85
2020-03-05 09:00:00,2020,3,5,9,25,1,65
2020-03-05 09:00:00,2020,3,5,9,46,-1,80
2020-03-05 12:00:00,2020,3,5,12,25,5,50
2020-03-05 12:00:00,2020,3,5,12,46,2,75
2020-03-05 15:00:00,2020,3,5,15,25,7,50
2020-03-05 15:00:00,2020,3,5,15,46,8,60
2020-03-05 18:00:00,2020,3,5,18,25,4,65
2020-03-05 18:00:00,2020,3,5,18,46,10,55
2020-03-05 21:00:00,2020,3,5,21,25,1,75
2020-03-05 21:00:00,2020,3,5,21,46,7,65
2020-03-06 00:00:00,2020,3,6,0,25,0,85
2020-03-06 00:00:00,2020,3,6,0,46,4,80
2020-03-06 03:00:00,2020,3,6,3,25,-1,85
2020-03-06 03:00:00,2020,3,6,3,46,3,90
2020-03-06 06:00:00,2020,3,6,6,25,0,85
2020-03-06 06:00:00,2020,3,6,6,46,2,90
2020-03-06 09:00:00,2020,3,6,9,25,3,70
2020-03-06 09:00:00,2020,3,6,9,46,1,90
2020-03-06 12:00:00,2020,3,6,12,25,9,60
2020-03-06 12:00:00,2020,3,6,12,46,4,80
2020-03-06 15:00:00,2020,3,6,15,25,10,55
2020-03-06 15:00:00,2020,3,6,15,46,12,55
2020-03-06 18:00:00,2020,3,6,18,25,8,65
2020-03-06 18:00:00,2020,3,6,18,46,15,45
2020-03-06 21:00:00,2020,3,6,21,25,5,75
2020-03-06 21:00:00,2020,3,6,21,46,12,60
2020-03-07 00:00:00,2020,3,7,0,25,3,85
2020-03-07 00:00:00,2020,3,7,0,46,6,80
2020-03-07 03:00:00,2020,3,7,3,25,2,90
2020-03-07 03:00:00,2020,3,7,3,46,4,85
2020-03-07 06:00:00,2020,3,7,6,25,1,90
2020-03-07 06:00:00,2020,3,7,6,46,4,80
2020-03-07 09:00:00,2020,3,7,9,25,4,85
2020-03-07 09:00:00,2020,3,7,9,46,3,85
2020-03-07 12:00:00,2020,3,7,12,25,12,50
2020-03-07 12:00:00,2020,3,7,12,46,7,80
2020-03-07 15:00:00,2020,3,7,15,25,15,45
2020-03-07 15:00:00,2020,3,7,15,46,13,55
2020-03-07 18:00:00,2020,3,7,18,25,11,60
2020-03-07 18:00:00,2020,3,7,18,46,14,55
2020-03-07 21:00:00,2020,3,7,21,25,6,70
2020-03-07 21:00:00,2020,3,7,21,46,12,70
2020-03-08 00:00:00,2020,3,8,0,25,5,80
2020-03-08 00:00:00,2020,3,8,0,46,8,75
2020-03-08 03:00:00,2020,3,8,3,25,4,85
2020-03-08 03:00:00,2020,3,8,3,46,7,90
2020-03-08 06:00:00,2020,3,8,6,25,3,85
2020-03-08 06:00:00,2020,3,8,6,46,7,90
2020-03-08 09:00:00,2020,3,8,9,25,6,80
2020-03-08 09:00:00,2020,3,8,9,46,6,90
2020-03-08 12:00:00,2020,3,8,12,25,13,55
2020-03-08 12:00:00,2020,3,8,12,46,6,90
2020-03-08 15:00:00,2020,3,8,15,25,15,55
2020-03-08 15:00:00,2020,3,8,15,46,7,75
2020-03-08 18:00:00,2020,3,8,18,25,10,70
2020-03-08 18:00:00,2020,3,8,18,46,7,80
2020-03-08 21:00:00,2020,3,8,21,25,8,75
2020-03-08 21:00:00,2020,3,8,21,46,6,80
2020-03-09 00:00:00,2020,3,9,0,25,7,90
2020-03-09 00:00:00,2020,3,9,0,46,5,65
2020-03-09 03:00:00,2020,3,9,3,25,7,90
2020-03-09 03:00:00,2020,3,9,3,46,4,65
2020-03-09 06:00:00,2020,3,9,6,25,6,90
2020-03-09 06:00:00,2020,3,9,6,46,3,60
2020-03-09 09:00:00,2020,3,9,9,25,6,90
2020-03-09 09:00:00,2020,3,9,9,46,1,65
2020-03-09 12:00:00,2020,3,9,12,25,6,90
2020-03-09 12:00:00,2020,3,9,12,46,4,50
2020-03-09 15:00:00,2020,3,9,15,25,7,85
2020-03-09 15:00:00,2020,3,9,15,46,6,40
2020-03-09 18:00:00,2020,3,9,18,25,6,75
2020-03-09 18:00:00,2020,3,9,18,46,7,40
2020-03-09 21:00:00,2020,3,9,21,25,5,60
2020-03-09 21:00:00,2020,3,9,21,46,5,45
2020-03-10 00:00:00,2020,3,10,0,25,4,60
2020-03-10 00:00:00,2020,3,10,0,46,1,70
2020-03-10 03:00:00,2020,3,10,3,25,3,60
2020-03-10 03:00:00,2020,3,10,3,46,0,80
2020-03-10 06:00:00,2020,3,10,6,25,1,55
2020-03-10 06:00:00,2020,3,10,6,46,0,85
2020-03-10 09:00:00,2020,3,10,9,25,3,45
2020-03-10 09:00:00,2020,3,10,9,46,0,85
2020-03-10 12:00:00,2020,3,10,12,25,6,35
2020-03-10 12:00:00,2020,3,10,12,46,4,70
2020-03-10 15:00:00,2020,3,10,15,25,7,40
2020-03-10 15:00:00,2020,3,10,15,46,10,40
2020-03-10 18:00:00,2020,3,10,18,25,5,45
2020-03-10 18:00:00,2020,3,10,18,46,12,40
2020-03-10 21:00:00,2020,3,10,21,25,1,70
2020-03-10 21:00:00,2020,3,10,21,46,9,55
2020-03-11 00:00:00,2020,3,11,0,25,0,75
2020-03-11 00:00:00,2020,3,11,0,46,7,70
2020-03-11 03:00:00,2020,3,11,3,25,0,80
2020-03-11 03:00:00,2020,3,11,3,46,6,80
2020-03-11 06:00:00,2020,3,11,6,25,0,85
2020-03-11 06:00:00,2020,3,11,6,46,6,85
2020-03-11 09:00:00,2020,3,11,9,25,4,70
2020-03-11 09:00:00,2020,3,11,9,46,4,75
2020-03-11 12:00:00,2020,3,11,12,25,11,40
2020-03-11 12:00:00,2020,3,11,12,46,3,50
2020-03-11 15:00:00,2020,3,11,15,25,12,35
2020-03-11 15:00:00,2020,3,11,15,46,5,35
2020-03-11 18:00:00,2020,3,11,18,25,9,55
2020-03-11 18:00:00,2020,3,11,18,46,6,30
2020-03-11 21:00:00,2020,3,11,21,25,6,70
2020-03-11 21:00:00,2020,3,11,21,46,4,40
2020-03-12 00:00:00,2020,3,12,0,25,5,80
2020-03-12 00:00:00,2020,3,12,0,46,2,55
2020-03-12 03:00:00,2020,3,12,3,25,5,85
2020-03-12 03:00:00,2020,3,12,3,46,1,60
2020-03-12 06:00:00,2020,3,12,6,25,4,80
2020-03-12 06:00:00,2020,3,12,6,46,0,65
2020-03-12 09:00:00,2020,3,12,9,25,4,55
2020-03-12 09:00:00,2020,3,12,9,46,-2,70
2020-03-12 12:00:00,2020,3,12,12,25,5,35
2020-03-12 12:00:00,2020,3,12,12,46,3,60
2020-03-12 15:00:00,2020,3,12,15,25,7,35
2020-03-12 15:00:00,2020,3,12,15,46,8,40
2020-03-12 18:00:00,2020,3,12,18,25,4,35
2020-03-12 18:00:00,2020,3,12,18,46,9,40
2020-03-12 21:00:00,2020,3,12,21,25,2,50
2020-03-12 21:00:00,2020,3,12,21,46,7,50
2020-03-13 00:00:00,2020,3,13,0,25,1,55
2020-03-13 00:00:00,2020,3,13,0,46,4,65
2020-03-13 03:00:00,2020,3,13,3,25,-1,60
2020-03-13 03:00:00,2020,3,13,3,46,3,70
2020-03-13 06:00:00,2020,3,13,6,25,-1,70
2020-03-13 06:00:00,2020,3,13,6,46,3,75
2020-03-13 09:00:00,2020,3,13,9,25,3,60
2020-03-13 09:00:00,2020,3,13,9,46,2,80
2020-03-13 12:00:00,2020,3,13,12,25,8,35
2020-03-13 12:00:00,2020,3,13,12,46,5,70
2020-03-13 15:00:00,2020,3,13,15,25,9,35
2020-03-13 15:00:00,2020,3,13,15,46,7,40
2020-03-13 18:00:00,2020,3,13,18,25,7,55
2020-03-13 18:00:00,2020,3,13,18,46,7,35
2020-03-13 21:00:00,2020,3,13,21,25,4,65
2020-03-13 21:00:00,2020,3,13,21,46,3,35
2020-03-14 00:00:00,2020,3,14,0,25,3,70
2020-03-14 00:00:00,2020,3,14,0,46,1,40
2020-03-14 03:00:00,2020,3,14,3,25,2,80
2020-03-14 03:00:00,2020,3,14,3,46,0,45
2020-03-14 06:00:00,2020,3,14,6,25,2,80
2020-03-14 06:00:00,2020,3,14,6,46,-1,55
2020-03-14 09:00:00,2020,3,14,9,25,5,65
2020-03-14 09:00:00,2020,3,14,9,46,-3,65
2020-03-14 12:00:00,2020,3,14,12,25,7,35
2020-03-14 12:00:00,2020,3,14,12,46,1,60
2020-03-14 15:00:00,2020,3,14,15,25,7,35
2020-03-14 15:00:00,2020,3,14,15,46,5,40
2020-03-14 18:00:00,2020,3,14,18,25,4,35
2020-03-14 18:00:00,2020,3,14,18,46,7,40
2020-03-14 21:00:00,2020,3,14,21,25,2,40
2020-03-14 21:00:00,2020,3,14,21,46,5,45
2020-03-15 00:00:00,2020,3,15,0,25,1,45
2020-03-15 00:00:00,2020,3,15,0,46,1,65
2020-03-15 03:00:00,2020,3,15,3,25,0,55
2020-03-15 03:00:00,2020,3,15,3,46,1,75
2020-03-15 06:00:00,2020,3,15,6,25,-2,70
2020-03-15 06:00:00,2020,3,15,6,46,2,80
2020-03-15 09:00:00,2020,3,15,9,25,1,65
2020-03-15 09:00:00,2020,3,15,9,46,4,80
2020-03-15 12:00:00,2020,3,15,12,25,6,40
2020-03-15 12:00:00,2020,3,15,12,46,8,70
2020-03-15 15:00:00,2020,3,15,15,25,8,35
2020-03-15 15:00:00,2020,3,15,15,46,11,55
2020-03-15 18:00:00,2020,3,15,18,25,5,40
2020-03-15 18:00:00,2020,3,15,18,46,12,50
2020-03-15 21:00:00,2020,3,15,21,25,1,70
2020-03-15 21:00:00,2020,3,15,21,46,9,60
2020-03-16 00:00:00,2020,3,16,0,25,1,80
2020-03-16 00:00:00,2020,3,16,0,46,6,70
2020-03-16 03:00:00,2020,3,16,3,25,2,80
2020-03-16 03:00:00,2020,3,16,3,46,3,80
2020-03-16 06:00:00,2020,3,16,6,25,4,80
2020-03-16 06:00:00,2020,3,16,6,46,3,80
2020-03-16 09:00:00,2020,3,16,9,25,8,75
2020-03-16 09:00:00,2020,3,16,9,46,1,85
2020-03-16 12:00:00,2020,3,16,12,25,11,60
2020-03-16 12:00:00,2020,3,16,12,46,6,75
2020-03-16 15:00:00,2020,3,16,15,25,12,50
2020-03-16 15:00:00,2020,3,16,15,46,13,35
2020-03-16 18:00:00,2020,3,16,18,25,10,55
2020-03-16 18:00:00,2020,3,16,18,46,15,25
2020-03-16 21:00:00,2020,3,16,21,25,6,75
2020-03-16 21:00:00,2020,3,16,21,46,12,30
2020-03-17 00:00:00,2020,3,17,0,25,4,85
2020-03-17 00:00:00,2020,3,17,0,46,8,55
2020-03-17 03:00:00,2020,3,17,3,25,3,85
2020-03-17 03:00:00,2020,3,17,3,46,9,80
2020-03-17 06:00:00,2020,3,17,6,25,1,90
2020-03-17 06:00:00,2020,3,17,6,46,10,80
2020-03-17 09:00:00,2020,3,17,9,25,6,75
2020-03-17 09:00:00,2020,3,17,9,46,10,75
2020-03-17 12:00:00,2020,3,17,12,25,13,35
2020-03-17 12:00:00,2020,3,17,12,46,8,65
2020-03-17 15:00:00,2020,3,17,15,25,16,25
2020-03-17 15:00:00,2020,3,17,15,46,9,40
2020-03-17 18:00:00,2020,3,17,18,25,14,30
2020-03-17 18:00:00,2020,3,17,18,46,9,35
2020-03-17 21:00:00,2020,3,17,21,25,10,65
2020-03-17 21:00:00,2020,3,17,21,46,7,45
2020-03-18 00:00:00,2020,3,18,0,25,10,80
2020-03-18 00:00:00,2020,3,18,0,46,6,50
2020-03-18 03:00:00,2020,3,18,3,25,10,80
2020-03-18 03:00:00,2020,3,18,3,46,6,60
2020-03-18 06:00:00,2020,3,18,6,25,10,75
2020-03-18 06:00:00,2020,3,18,6,46,5,70
2020-03-18 09:00:00,2020,3,18,9,25,9,60
2020-03-18 09:00:00,2020,3,18,9,46,3,75
2020-03-18 12:00:00,2020,3,18,12,25,9,45
2020-03-18 12:00:00,2020,3,18,12,46,8,60
2020-03-18 15:00:00,2020,3,18,15,25,9,35
2020-03-18 15:00:00,2020,3,18,15,46,13,25
2020-03-18 18:00:00,2020,3,18,18,25,8,45
2020-03-18 18:00:00,2020,3,18,18,46,14,20
2020-03-18 21:00:00,2020,3,18,21,25,6,50
2020-03-18 21:00:00,2020,3,18,21,46,11,35
2020-03-19 00:00:00,2020,3,19,0,25,6,55
2020-03-19 00:00:00,2020,3,19,0,46,8,55
2020-03-19 03:00:00,2020,3,19,3,25,5,70
2020-03-19 03:00:00,2020,3,19,3,46,8,65
2020-03-19 06:00:00,2020,3,19,6,25,4,80
2020-03-19 06:00:00,2020,3,19,6,46,7,70
2020-03-19 09:00:00,2020,3,19,9,25,8,60
2020-03-19 09:00:00,2020,3,19,9,46,7,80
2020-03-19 12:00:00,2020,3,19,12,25,13,25
2020-03-19 12:00:00,2020,3,19,12,46,10,75
2020-03-19 15:00:00,2020,3,19,15,25,14,20
2020-03-19 15:00:00,2020,3,19,15,46,15,60
2020-03-19 18:00:00,2020,3,19,18,25,11,35
2020-03-19 18:00:00,2020,3,19,18,46,17,55
2020-03-19 21:00:00,2020,3,19,21,25,8,55
2020-03-19 21:00:00,2020,3,19,21,46,13,75
2020-03-20 00:00:00,2020,3,20,0,25,8,65
2020-03-20 00:00:00,2020,3,20,0,46,10,80
2020-03-20 03:00:00,2020,3,20,3,25,8,70
2020-03-20 03:00:00,2020,3,20,3,46,8,90
2020-03-20 06:00:00,2020,3,20,6,25,7,85
2020-03-20 06:00:00,2020,3,20,6,46,7,90
2020-03-20 09:00:00,2020,3,20,9,25,10,80
2020-03-20 09:00:00,2020,3,20,9,46,5,80
2020-03-20 12:00:00,2020,3,20,12,25,16,55
2020-03-20 12:00:00,2020,3,20,12,46,7,70
2020-03-20 15:00:00,2020,3,20,15,25,18,50
2020-03-20 15:00:00,2020,3,20,15,46,13,40
2020-03-20 18:00:00,2020,3,20,18,25,13,75
2020-03-20 18:00:00,2020,3,20,18,46,14,30
2020-03-20 21:00:00,2020,3,20,21,25,10,85
2020-03-20 21:00:00,2020,3,20,21,46,11,35
2020-03-21 00:00:00,2020,3,21,0,25,9,95
2020-03-21 00:00:00,2020,3,21,0,46,8,55
2020-03-21 03:00:00,2020,3,21,3,25,7,85
2020-03-21 03:00:00,2020,3,21,3,46,5,60
2020-03-21 06:00:00,2020,3,21,6,25,5,80
2020-03-21 06:00:00,2020,3,21,6,46,3,80
2020-03-21 09:00:00,2020,3,21,9,25,8,65
2020-03-21 09:00:00,2020,3,21,9,46,2,90
2020-03-21 12:00:00,2020,3,21,12,25,12,35
2020-03-21 12:00:00,2020,3,21,12,46,8,70
2020-03-21 15:00:00,2020,3,21,15,25,14,30
2020-03-21 15:00:00,2020,3,21,15,46,13,40
2020-03-21 18:00:00,2020,3,21,18,25,11,40
2020-03-21 18:00:00,2020,3,21,18,46,14,45
2020-03-21 21:00:00,2020,3,21,21,25,7,55
2020-03-21 21:00:00,2020,3,21,21,46,11,55
2020-03-22 00:00:00,2020,3,22,0,25,5,60
2020-03-22 00:00:00,2020,3,22,0,46,7,70
2020-03-22 03:00:00,2020,3,22,3,25,3,85
2020-03-22 03:00:00,2020,3,22,3,46,6,75
2020-03-22 06:00:00,2020,3,22,6,25,3,85
2020-03-22 06:00:00,2020,3,22,6,46,4,85
2020-03-22 09:00:00,2020,3,22,9,25,7,70
2020-03-22 09:00:00,2020,3,22,9,46,3,85
2020-03-22 12:00:00,2020,3,22,12,25,13,45
2020-03-22 12:00:00,2020,3,22,12,46,7,75
2020-03-22 15:00:00,2020,3,22,15,25,14,45
2020-03-22 15:00:00,2020,3,22,15,46,14,40
2020-03-22 18:00:00,2020,3,22,18,25,11,55
2020-03-22 18:00:00,2020,3,22,18,46,16,35
2020-03-22 21:00:00,2020,3,22,21,25,7,75
2020-03-22 21:00:00,2020,3,22,21,46,12,50
2020-03-23 00:00:00,2020,3,23,0,25,6,75
2020-03-23 00:00:00,2020,3,23,0,46,7,65
2020-03-23 03:00:00,2020,3,23,3,25,4,85
2020-03-23 03:00:00,2020,3,23,3,46,5,80
2020-03-23 06:00:00,2020,3,23,6,25,4,80
2020-03-23 06:00:00,2020,3,23,6,46,4,75
2020-03-23 09:00:00,2020,3,23,9,25,7,70
2020-03-23 09:00:00,2020,3,23,9,46,3,80
2020-03-23 12:00:00,2020,3,23,12,25,14,40
2020-03-23 12:00:00,2020,3,23,12,46,9,65
2020-03-23 15:00:00,2020,3,23,15,25,16,35
2020-03-23 15:00:00,2020,3,23,15,46,16,45
2020-03-23 18:00:00,2020,3,23,18,25,12,50
2020-03-23 18:00:00,2020,3,23,18,46,17,40
2020-03-23 21:00:00,2020,3,23,21,25,7,60
2020-03-23 21:00:00,2020,3,23,21,46,14,50
2020-03-24 00:00:00,2020,3,24,0,25,6,80
2020-03-24 00:00:00,2020,3,24,0,46,10,70
2020-03-24 03:00:00,2020,3,24,3,25,4,75
2020-03-24 03:00:00,2020,3,24,3,46,8,75
2020-03-24 06:00:00,2020,3,24,6,25,3,80
2020-03-24 06:00:00,2020,3,24,6,46,7,80
2020-03-24 09:00:00,2020,3,24,9,25,9,65
2020-03-24 09:00:00,2020,3,24,9,46,7,85
2020-03-24 12:00:00,2020,3,24,12,25,16,40
2020-03-24 12:00:00,2020,3,24,12,46,13,70
2020-03-24 15:00:00,2020,3,24,15,25,18,40
2020-03-24 15:00:00,2020,3,24,15,46,19,45
2020-03-24 18:00:00,2020,3,24,18,25,14,55
2020-03-24 18:00:00,2020,3,24,18,46,17,65
2020-03-24 21:00:00,2020,3,24,21,25,10,70
2020-03-24 21:00:00,2020,3,24,21,46,15,70
2020-03-25 00:00:00,2020,3,25,0,25,8,75
2020-03-25 00:00:00,2020,3,25,0,46,14,80
2020-03-25 03:00:00,2020,3,25,3,25,7,85
2020-03-25 03:00:00,2020,3,25,3,46,14,85
2020-03-25 06:00:00,2020,3,25,6,25,7,80
2020-03-25 06:00:00,2020,3,25,6,46,12,90
2020-03-25 09:00:00,2020,3,25,9,25,13,60
2020-03-25 09:00:00,2020,3,25,9,46,11,90
2020-03-25 12:00:00,2020,3,25,12,25,18,45
2020-03-25 12:00:00,2020,3,25,12,46,9,85
2020-03-25 15:00:00,2020,3,25,15,25,17,70
2020-03-25 15:00:00,2020,3,25,15,46,9,70
2020-03-25 18:00:00,2020,3,25,18,25,15,80
2020-03-25 18:00:00,2020,3,25,18,46,11,40
2020-03-25 21:00:00,2020,3,25,21,25,15,85
2020-03-25 21:00:00,2020,3,25,21,46,10,50
2020-03-26 00:00:00,2020,3,26,0,25,13,90
2020-03-26 00:00:00,2020,3,26,0,46,8,55
2020-03-26 03:00:00,2020,3,26,3,25,12,90
2020-03-26 03:00:00,2020,3,26,3,46,6,50
2020-03-26 06:00:00,2020,3,26,6,25,10,90
2020-03-26 06:00:00,2020,3,26,6,46,5,50
2020-03-26 09:00:00,2020,3,26,9,25,8,75
2020-03-26 09:00:00,2020,3,26,9,46,4,45
2020-03-26 12:00:00,2020,3,26,12,25,10,50
2020-03-26 12:00:00,2020,3,26,12,46,7,40
2020-03-26 15:00:00,2020,3,26,15,25,12,35
2020-03-26 15:00:00,2020,3,26,15,46,11,30
2020-03-26 18:00:00,2020,3,26,18,25,10,45
2020-03-26 18:00:00,2020,3,26,18,46,11,25
2020-03-26 21:00:00,2020,3,26,21,25,7,50
2020-03-26 21:00:00,2020,3,26,21,46,8,40
2020-03-27 00:00:00,2020,3,27,0,25,6,45
2020-03-27 00:00:00,2020,3,27,0,46,5,55
2020-03-27 03:00:00,2020,3,27,3,25,5,45
2020-03-27 03:00:00,2020,3,27,3,46,4,60
2020-03-27 06:00:00,2020,3,27,6,25,4,40
2020-03-27 06:00:00,2020,3,27,6,46,2,65
2020-03-27 09:00:00,2020,3,27,9,25,6,35
2020-03-27 09:00:00,2020,3,27,9,46,0,75
2020-03-27 12:00:00,2020,3,27,12,25,9,25
2020-03-27 12:00:00,2020,3,27,12,46,5,55
2020-03-27 15:00:00,2020,3,27,15,25,10,25
2020-03-27 15:00:00,2020,3,27,15,46,11,35
2020-03-27 18:00:00,2020,3,27,18,25,8,35
2020-03-27 18:00:00,2020,3,27,18,46,12,35
2020-03-27 21:00:00,2020,3,27,21,25,6,55
2020-03-27 21:00:00,2020,3,27,21,46,8,45
2020-03-28 00:00:00,2020,3,28,0,25,4,55
2020-03-28 00:00:00,2020,3,28,0,46,5,70
2020-03-28 03:00:00,2020,3,28,3,25,3,65
2020-03-28 03:00:00,2020,3,28,3,46,4,75
2020-03-28 06:00:00,2020,3,28,6,25,1,75
2020-03-28 06:00:00,2020,3,28,6,46,2,85
2020-03-28 09:00:00,2020,3,28,9,25,5,55
2020-03-28 09:00:00,2020,3,28,9,46,1,85
2020-03-28 12:00:00,2020,3,28,12,25,11,35
2020-03-28 12:00:00,2020,3,28,12,46,7,70
2020-03-28 15:00:00,2020,3,28,15,25,13,35
2020-03-28 15:00:00,2020,3,28,15,46,13,35
2020-03-28 18:00:00,2020,3,28,18,25,9,50
2020-03-28 18:00:00,2020,3,28,18,46,14,35
2020-03-28 21:00:00,2020,3,28,21,25,6,70
2020-03-28 21:00:00,2020,3,28,21,46,10,55
2020-03-29 00:00:00,2020,3,29,0,25,4,80
2020-03-29 00:00:00,2020,3,29,0,46,6,70
2020-03-29 03:00:00,2020,3,29,3,25,3,80
2020-03-29 03:00:00,2020,3,29,3,46,6,75
2020-03-29 06:00:00,2020,3,29,6,25,1,85
2020-03-29 06:00:00,2020,3,29,6,46,4,80
2020-03-29 09:00:00,2020,3,29,9,25,6,70
2020-03-29 09:00:00,2020,3,29,9,46,3,80
2020-03-29 12:00:00,2020,3,29,12,25,12,35
2020-03-29 12:00:00,2020,3,29,12,46,8,60
2020-03-29 15:00:00,2020,3,29,15,25,14,35
2020-03-29 15:00:00,2020,3,29,15,46,14,40
2020-03-29 18:00:00,2020,3,29,18,25,10,45
2020-03-29 18:00:00,2020,3,29,18,46,16,40
2020-03-29 21:00:00,2020,3,29,21,25,6,70
2020-03-29 21:00:00,2020,3,29,21,46,12,40
2020-03-30 00:00:00,2020,3,30,0,25,4,75
2020-03-30 00:00:00,2020,3,30,0,46,8,60
2020-03-30 03:00:00,2020,3,30,3,25,4,80
2020-03-30 03:00:00,2020,3,30,3,46,7,70
2020-03-30 06:00:00,2020,3,30,6,25,2,85
2020-03-30 06:00:00,2020,3,30,6,46,7,75
2020-03-30 09:00:00,2020,3,30,9,25,7,65
2020-03-30 09:00:00,2020,3,30,9,46,6,75
2020-03-30 12:00:00,2020,3,30,12,25,14,45
2020-03-30 12:00:00,2020,3,30,12,46,9,55
2020-03-30 15:00:00,2020,3,30,15,25,15,40
2020-03-30 15:00:00,2020,3,30,15,46,13,50
2020-03-30 18:00:00,2020,3,30,18,25,12,40
2020-03-30 18:00:00,2020,3,30,18,46,14,50
2020-03-30 21:00:00,2020,3,30,21,25,8,60
2020-03-30 21:00:00,2020,3,30,21,46,10,40
2020-03-31 00:00:00,2020,3,31,0,25,7,70
2020-03-31 00:00:00,2020,3,31,0,46,8,55
2020-03-31 03:00:00,2020,3,31,3,25,7,75
2020-03-31 03:00:00,2020,3,31,3,46,8,55
2020-03-31 06:00:00,2020,3,31,6,25,7,70
2020-03-31 06:00:00,2020,3,31,6,46,5,80
2020-03-31 09:00:00,2020,3,31,9,25,9,55
2020-03-31 09:00:00,2020,3,31,9,46,4,80
2020-03-31 12:00:00,2020,3,31,12,25,13,55
2020-03-31 12:00:00,2020,3,31,12,46,9,60
2020-03-31 15:00:00,2020,3,31,15,25,15,40
2020-03-31 15:00:00,2020,3,31,15,46,13,30
2020-03-31 18:00:00,2020,3,31,18,25,10,40
2020-03-31 18:00:00,2020,3,31,18,46,15,20
2020-03-31 21:00:00,2020,3,31,21,25,9,50
2020-03-31 21:00:00,2020,3,31,21,46,11,35
2020-04-01 00:00:00,2020,4,1,0,25,6,70
2020-04-01 00:00:00,2020,4,1,0,46,7,60
2020-04-01 03:00:00,2020,4,1,3,25,5,80
2020-04-01 03:00:00,2020,4,1,3,46,5,75
2020-04-01 06:00:00,2020,4,1,6,25,4,80
2020-04-01 06:00:00,2020,4,1,6,46,4,85
2020-04-01 09:00:00,2020,4,1,9,25,8,65
2020-04-01 09:00:00,2020,4,1,9,46,3,85
2020-04-01 12:00:00,2020,4,1,12,25,14,35
2020-04-01 12:00:00,2020,4,1,12,46,9,70
2020-04-01 15:00:00,2020,4,1,15,25,15,25
2020-04-01 15:00:00,2020,4,1,15,46,14,35
2020-04-01 18:00:00,2020,4,1,18,25,11,35
2020-04-01 18:00:00,2020,4,1,18,46,15,30
2020-04-01 21:00:00,2020,4,1,21,25,8,60
2020-04-01 21:00:00,2020,4,1,21,46,12,40
2020-04-02 00:00:00,2020,4,2,0,25,6,75
2020-04-02 00:00:00,2020,4,2,0,46,8,70
2020-04-02 03:00:00,2020,4,2,3,25,4,85
2020-04-02 03:00:00,2020,4,2,3,46,7,70
2020-04-02 06:00:00,2020,4,2,6,25,3,85
2020-04-02 06:00:00,2020,4,2,6,46,7,75
2020-04-02 09:00:00,2020,4,2,9,25,9,65
2020-04-02 09:00:00,2020,4,2,9,46,6,80
2020-04-02 12:00:00,2020,4,2,12,25,14,30
2020-04-02 12:00:00,2020,4,2,12,46,9,45
2020-04-02 15:00:00,2020,4,2,15,25,15,25
2020-04-02 15:00:00,2020,4,2,15,46,10,25
2020-04-02 18:00:00,2020,4,2,18,25,12,35
2020-04-02 18:00:00,2020,4,2,18,46,10,20
2020-04-02 21:00:00,2020,4,2,21,25,7,65
2020-04-02 21:00:00,2020,4,2,21,46,8,30
2020-04-03 00:00:00,2020,4,3,0,25,7,70
2020-04-03 00:00:00,2020,4,3,0,46,6,40
2020-04-03 03:00:00,2020,4,3,3,25,7,75
2020-04-03 03:00:00,2020,4,3,3,46,4,45
2020-04-03 06:00:00,2020,4,3,6,25,6,80
2020-04-03 06:00:00,2020,4,3,6,46,4,45
2020-04-03 09:00:00,2020,4,3,9,25,9,45
2020-04-03 09:00:00,2020,4,3,9,46,2,50
2020-04-03 12:00:00,2020,4,3,12,25,10,25
2020-04-03 12:00:00,2020,4,3,12,46,5,35
2020-04-03 15:00:00,2020,4,3,15,25,11,20
2020-04-03 15:00:00,2020,4,3,15,46,9,30
2020-04-03 18:00:00,2020,4,3,18,25,9,25
2020-04-03 18:00:00,2020,4,3,18,46,11,25
2020-04-03 21:00:00,2020,4,3,21,25,6,35
2020-04-03 21:00:00,2020,4,3,21,46,9,40
2020-04-04 00:00:00,2020,4,4,0,25,5,40
2020-04-04 00:00:00,2020,4,4,0,46,6,50
2020-04-04 03:00:00,2020,4,4,3,25,4,45
2020-04-04 03:00:00,2020,4,4,3,46,5,60
2020-04-04 06:00:00,2020,4,4,6,25,2,50
2020-04-04 06:00:00,2020,4,4,6,46,3,70
2020-04-04 09:00:00,2020,4,4,9,25,6,35
2020-04-04 09:00:00,2020,4,4,9,46,2,80
2020-04-04 12:00:00,2020,4,4,12,25,9,25
2020-04-04 12:00:00,2020,4,4,12,46,8,55
2020-04-04 15:00:00,2020,4,4,15,25,11,25
2020-04-04 15:00:00,2020,4,4,15,46,14,30
2020-04-04 18:00:00,2020,4,4,18,25,9,40
2020-04-04 18:00:00,2020,4,4,18,46,15,25
2020-04-04 21:00:00,2020,4,4,21,25,6,55
2020-04-04 21:00:00,2020,4,4,21,46,12,35
2020-04-05 00:00:00,2020,4,5,0,25,5,65
2020-04-05 00:00:00,2020,4,5,0,46,8,65
2020-04-05 03:00:00,2020,4,5,3,25,3,70
2020-04-05 03:00:00,2020,4,5,3,46,6,75
2020-04-05 06:00:00,2020,4,5,6,25,2,80
2020-04-05 06:00:00,2020,4,5,6,46,5,80
2020-04-05 09:00:00,2020,4,5,9,25,9,60
2020-04-05 09:00:00,2020,4,5,9,46,4,85
2020-04-05 12:00:00,2020,4,5,12,25,13,40
2020-04-05 12:00:00,2020,4,5,12,46,10,60
2020-04-05 15:00:00,2020,4,5,15,25,15,25
2020-04-05 15:00:00,2020,4,5,15,46,15,40
2020-04-05 18:00:00,2020,4,5,18,25,12,35
2020-04-05 18:00:00,2020,4,5,18,46,16,45
2020-04-05 21:00:00,2020,4,5,21,25,8,60
2020-04-05 21:00:00,2020,4,5,21,46,13,50
2020-04-06 00:00:00,2020,4,6,0,25,7,75
2020-04-06 00:00:00,2020,4,6,0,46,9,65
2020-04-06 03:00:00,2020,4,6,3,25,6,80
2020-04-06 03:00:00,2020,4,6,3,46,8,60
2020-04-06 06:00:00,2020,4,6,6,25,5,85
2020-04-06 06:00:00,2020,4,6,6,46,7,65
2020-04-06 09:00:00,2020,4,6,9,25,10,70
2020-04-06 09:00:00,2020,4,6,9,46,5,65
2020-04-06 12:00:00,2020,4,6,12,25,15,45
2020-04-06 12:00:00,2020,4,6,12,46,9,40
2020-04-06 15:00:00,2020,4,6,15,25,16,45
2020-04-06 15:00:00,2020,4,6,15,46,13,25
2020-04-06 18:00:00,2020,4,6,18,25,13,45
2020-04-06 18:00:00,2020,4,6,18,46,13,20
2020-04-06 21:00:00,2020,4,6,21,25,9,50
2020-04-06 21:00:00,2020,4,6,21,46,10,35
2020-04-07 00:00:00,2020,4,7,0,25,7,55
2020-04-07 00:00:00,2020,4,7,0,46,7,50
2020-04-07 03:00:00,2020,4,7,3,25,6,55
2020-04-07 03:00:00,2020,4,7,3,46,6,60
2020-04-07 06:00:00,2020,4,7,6,25,5,55
2020-04-07 06:00:00,2020,4,7,6,46,6,65
2020-04-07 09:00:00,2020,4,7,9,25,9,35
2020-04-07 09:00:00,2020,4,7,9,46,5,70
2020-04-07 12:00:00,2020,4,7,12,25,12,25
2020-04-07 12:00:00,2020,4,7,12,46,9,50
2020-04-07 15:00:00,2020,4,7,15,25,13,20
2020-04-07 15:00:00,2020,4,7,15,46,12,35
2020-04-07 18:00:00,2020,4,7,18,25,10,35
2020-04-07 18:00:00,2020,4,7,18,46,13,30
2020-04-07 21:00:00,2020,4,7,21,25,7,55
2020-04-07 21:00:00,2020,4,7,21,46,10,40
2020-04-08 00:00:00,2020,4,8,0,25,6,60
2020-04-08 00:00:00,2020,4,8,0,46,7,60
2020-04-08 03:00:00,2020,4,8,3,25,6,65
2020-04-08 03:00:00,2020,4,8,3,46,5,75
2020-04-08 06:00:00,2020,4,8,6,25,4,75
2020-04-08 06:00:00,2020,4,8,6,46,5,80
2020-04-08 09:00:00,2020,4,8,9,25,9,50
2020-04-08 09:00:00,2020,4,8,9,46,3,85
2020-04-08 12:00:00,2020,4,8,12,25,12,35
2020-04-08 12:00:00,2020,4,8,12,46,9,60
2020-04-08 15:00:00,2020,4,8,15,25,12,35
2020-04-08 15:00:00,2020,4,8,15,46,13,35
2020-04-08 18:00:00,2020,4,8,18,25,10,40
2020-04-08 18:00:00,2020,4,8,18,46,12,45
2020-04-08 21:00:00,2020,4,8,21,25,7,65
2020-04-08 21:00:00,2020,4,8,21,46,10,45
2020-04-09 00:00:00,2020,4,9,0,25,6,75
2020-04-09 00:00:00,2020,4,9,0,46,6,70
2020-04-09 03:00:00,2020,4,9,3,25,5,80
2020-04-09 03:00:00,2020,4,9,3,46,5,85
2020-04-09 06:00:00,2020,4,9,6,25,3,85
2020-04-09 06:00:00,2020,4,9,6,46,5,85
2020-04-09 09:00:00,2020,4,9,9,25,9,60
2020-04-09 09:00:00,2020,4,9,9,46,4,90
2020-04-09 12:00:00,2020,4,9,12,25,13,40
2020-04-09 12:00:00,2020,4,9,12,46,9,65
2020-04-09 15:00:00,2020,4,9,15,25,13,45
2020-04-09 15:00:00,2020,4,9,15,46,14,40
2020-04-09 18:00:00,2020,4,9,18,25,10,50
2020-04-09 18:00:00,2020,4,9,18,46,14,45
2020-04-09 21:00:00,2020,4,9,21,25,7,70
2020-04-09 21:00:00,2020,4,9,21,46,12,45
2020-04-10 00:00:00,2020,4,10,0,25,6,80
2020-04-10 00:00:00,2020,4,10,0,46,8,60
2020-04-10 03:00:00,2020,4,10,3,25,6,85
2020-04-10 03:00:00,2020,4,10,3,46,6,70
2020-04-10 06:00:00,2020,4,10,6,25,5,90
2020-04-10 06:00:00,2020,4,10,6,46,5,75
2020-04-10 09:00:00,2020,4,10,9,25,8,70
2020-04-10 09:00:00,2020,4,10,9,46,4,80
2020-04-10 12:00:00,2020,4,10,12,25,13,45
2020-04-10 12:00:00,2020,4,10,12,46,9,55
2020-04-10 15:00:00,2020,4,10,15,25,13,45
2020-04-10 15:00:00,2020,4,10,15,46,16,40
2020-04-10 18:00:00,2020,4,10,18,25,11,45
2020-04-10 18:00:00,2020,4,10,18,46,14,50
2020-04-10 21:00:00,2020,4,10,21,25,7,65
2020-04-10 21:00:00,2020,4,10,21,46,13,35
2020-04-11 00:00:00,2020,4,11,0,25,6,75
2020-04-11 00:00:00,2020,4,11,0,46,8,50
2020-04-11 03:00:00,2020,4,11,3,25,5,80
2020-04-11 03:00:00,2020,4,11,3,46,6,60
2020-04-11 06:00:00,2020,4,11,6,25,3,90
2020-04-11 06:00:00,2020,4,11,6,46,5,70
2020-04-11 09:00:00,2020,4,11,9,25,9,65
2020-04-11 09:00:00,2020,4,11,9,46,4,70
2020-04-11 12:00:00,2020,4,11,12,25,16,35
2020-04-11 12:00:00,2020,4,11,12,46,8,45
2020-04-11 15:00:00,2020,4,11,15,25,14,45
2020-04-11 15:00:00,2020,4,11,15,46,12,35
2020-04-11 18:00:00,2020,4,11,18,25,13,35
2020-04-11 18:00:00,2020,4,11,18,46,15,35
2020-04-11 21:00:00,2020,4,11,21,25,9,55
2020-04-11 21:00:00,2020,4,11,21,46,12,45
2020-04-12 00:00:00,2020,4,12,0,25,6,65
2020-04-12 00:00:00,2020,4,12,0,46,9,60
2020-04-12 03:00:00,2020,4,12,3,25,5,70
2020-04-12 03:00:00,2020,4,12,3,46,6,80
2020-04-12 06:00:00,2020,4,12,6,25,4,70
2020-04-12 06:00:00,2020,4,12,6,46,5,80
2020-04-12 09:00:00,2020,4,12,9,25,8,50
2020-04-12 09:00:00,2020,4,12,9,46,4,85
2020-04-12 12:00:00,2020,4,12,12,25,13,30
2020-04-12 12:00:00,2020,4,12,12,46,11,60
2020-04-12 15:00:00,2020,4,12,15,25,15,35
2020-04-12 15:00:00,2020,4,12,15,46,18,25
2020-04-12 18:00:00,2020,4,12,18,25,14,45
2020-04-12 18:00:00,2020,4,12,18,46,18,25
2020-04-12 21:00:00,2020,4,12,21,25,10,60
2020-04-12 21:00:00,2020,4,12,21,46,15,30
2020-04-13 00:00:00,2020,4,13,0,25,7,75
2020-04-13 00:00:00,2020,4,13,0,46,9,55
2020-04-13 03:00:00,2020,4,13,3,25,5,85
2020-04-13 03:00:00,2020,4,13,3,46,7,70
2020-04-13 06:00:00,2020,4,13,6,25,4,90
2020-04-13 06:00:00,2020,4,13,6,46,6,80
2020-04-13 09:00:00,2020,4,13,9,25,11,60
2020-04-13 09:00:00,2020,4,13,9,46,5,85
2020-04-13 12:00:00,2020,4,13,12,25,17,25
2020-04-13 12:00:00,2020,4,13,12,46,11,65
2020-04-13 15:00:00,2020,4,13,15,25,18,20
2020-04-13 15:00:00,2020,4,13,15,46,17,40
2020-04-13 18:00:00,2020,4,13,18,25,15,25
2020-04-13 18:00:00,2020,4,13,18,46,19,30
2020-04-13 21:00:00,2020,4,13,21,25,9,55
2020-04-13 21:00:00,2020,4,13,21,46,15,40
2020-04-14 00:00:00,2020,4,14,0,25,7,70
2020-04-14 00:00:00,2020,4,14,0,46,10,65
2020-04-14 03:00:00,2020,4,14,3,25,5,80
2020-04-14 03:00:00,2020,4,14,3,46,8,80
2020-04-14 06:00:00,2020,4,14,6,25,4,80
2020-04-14 06:00:00,2020,4,14,6,46,6,80
2020-04-14 09:00:00,2020,4,14,9,25,12,55
2020-04-14 09:00:00,2020,4,14,9,46,5,80
2020-04-14 12:00:00,2020,4,14,12,25,18,25
2020-04-14 12:00:00,2020,4,14,12,46,13,55
2020-04-14 15:00:00,2020,4,14,15,25,19,30
2020-04-14 15:00:00,2020,4,14,15,46,20,30
2020-04-14 18:00:00,2020,4,14,18,25,16,35
2020-04-14 18:00:00,2020,4,14,18,46,22,20
2020-04-14 21:00:00,2020,4,14,21,25,10,65
2020-04-14 21:00:00,2020,4,14,21,46,18,40
2020-04-15 00:00:00,2020,4,15,0,25,7,75
2020-04-15 00:00:00,2020,4,15,0,46,13,55
2020-04-15 03:00:00,2020,4,15,3,25,6,80
2020-04-15 03:00:00,2020,4,15,3,46,13,55
2020-04-15 06:00:00,2020,4,15,6,25,5,85
2020-04-15 06:00:00,2020,4,15,6,46,11,65
2020-04-15 09:00:00,2020,4,15,9,25,13,55
2020-04-15 09:00:00,2020,4,15,9,46,9,75
2020-04-15 12:00:00,2020,4,15,12,25,20,30
2020-04-15 12:00:00,2020,4,15,12,46,11,75
2020-04-15 15:00:00,2020,4,15,15,25,22,20
2020-04-15 15:00:00,2020,4,15,15,46,13,75
2020-04-15 18:00:00,2020,4,15,18,25,18,40
2020-04-15 18:00:00,2020,4,15,18,46,16,65
2020-04-15 21:00:00,2020,4,15,21,25,14,55
2020-04-15 21:00:00,2020,4,15,21,46,15,70
2020-04-16 00:00:00,2020,4,16,0,25,13,50
2020-04-16 00:00:00,2020,4,16,0,46,12,80
2020-04-16 03:00:00,2020,4,16,3,25,11,65
2020-04-16 03:00:00,2020,4,16,3,46,10,85
2020-04-16 06:00:00,2020,4,16,6,25,9,75
2020-04-16 06:00:00,2020,4,16,6,46,9,85
2020-04-16 09:00:00,2020,4,16,9,25,11,75
2020-04-16 09:00:00,2020,4,16,9,46,9,80
2020-04-16 12:00:00,2020,4,16,12,25,15,65
2020-04-16 12:00:00,2020,4,16,12,46,11,70
2020-04-16 15:00:00,2020,4,16,15,25,16,65
2020-04-16 15:00:00,2020,4,16,15,46,15,55
2020-04-16 18:00:00,2020,4,16,18,25,15,60
2020-04-16 18:00:00,2020,4,16,18,46,16,50
2020-04-16 21:00:00,2020,4,16,21,25,11,85
2020-04-16 21:00:00,2020,4,16,21,46,14,60
2020-04-17 00:00:00,2020,4,17,0,25,9,85
2020-04-17 00:00:00,2020,4,17,0,46,10,80
2020-04-17 03:00:00,2020,4,17,3,25,9,85
2020-04-17 03:00:00,2020,4,17,3,46,9,85
2020-04-17 06:00:00,2020,4,17,6,25,9,90
2020-04-17 06:00:00,2020,4,17,6,46,8,85
2020-04-17 09:00:00,2020,4,17,9,25,12,75
2020-04-17 09:00:00,2020,4,17,9,46,8,80
2020-04-17 12:00:00,2020,4,17,12,25,15,55
2020-04-17 12:00:00,2020,4,17,12,46,13,60
2020-04-17 15:00:00,2020,4,17,15,25,16,55
2020-04-17 15:00:00,2020,4,17,15,46,16,50
2020-04-17 18:00:00,2020,4,17,18,25,15,55
2020-04-17 18:00:00,2020,4,17,18,46,16,45
2020-04-17 21:00:00,2020,4,17,21,25,10,75
2020-04-17 21:00:00,2020,4,17,21,46,13,65
2020-04-18 00:00:00,2020,4,18,0,25,9,80
2020-04-18 00:00:00,2020,4,18,0,46,11,80
2020-04-18 03:00:00,2020,4,18,3,25,8,85
2020-04-18 03:00:00,2020,4,18,3,46,10,85
2020-04-18 06:00:00,2020,4,18,6,25,8,80
2020-04-18 06:00:00,2020,4,18,6,46,9,85
2020-04-18 09:00:00,2020,4,18,9,25,13,60
2020-04-18 09:00:00,2020,4,18,9,46,8,90
2020-04-18 12:00:00,2020,4,18,12,25,16,50
2020-04-18 12:00:00,2020,4,18,12,46,11,75
2020-04-18 15:00:00,2020,4,18,15,25,16,45
2020-04-18 15:00:00,2020,4,18,15,46,14,60
2020-04-18 18:00:00,2020,4,18,18,25,12,85
2020-04-18 18:00:00,2020,4,18,18,46,15,55
2020-04-18 21:00:00,2020,4,18,21,25,11,85
2020-04-18 21:00:00,2020,4,18,21,46,13,65
2020-04-19 00:00:00,2020,4,19,0,25,9,85
2020-04-19 00:00:00,2020,4,19,0,46,11,75
2020-04-19 03:00:00,2020,4,19,3,25,9,85
2020-04-19 03:00:00,2020,4,19,3,46,9,80
2020-04-19 06:00:00,2020,4,19,6,25,8,90
2020-04-19 06:00:00,2020,4,19,6,46,8,75
2020-04-19 09:00:00,2020,4,19,9,25,11,75
2020-04-19 09:00:00,2020,4,19,9,46,6,70
2020-04-19 12:00:00,2020,4,19,12,25,15,60
2020-04-19 12:00:00,2020,4,19,12,46,10,55
2020-04-19 15:00:00,2020,4,19,15,25,14,55
2020-04-19 15:00:00,2020,4,19,15,46,12,45
2020-04-19 18:00:00,2020,4,19,18,25,12,75
2020-04-19 18:00:00,2020,4,19,18,46,11,30
2020-04-19 21:00:00,2020,4,19,21,25,10,75
2020-04-19 21:00:00,2020,4,19,21,46,8,35
2020-04-20 00:00:00,2020,4,20,0,25,9,75
2020-04-20 00:00:00,2020,4,20,0,46,7,40
2020-04-20 03:00:00,2020,4,20,3,25,8,75
2020-04-20 03:00:00,2020,4,20,3,46,6,45
2020-04-20 06:00:00,2020,4,20,6,25,7,70
2020-04-20 06:00:00,2020,4,20,6,46,7,45
2020-04-20 09:00:00,2020,4,20,9,25,10,35
2020-04-20 09:00:00,2020,4,20,9,46,5,50
2020-04-20 12:00:00,2020,4,20,12,25,11,30
2020-04-20 12:00:00,2020,4,20,12,46,8,35
2020-04-20 15:00:00,2020,4,20,15,25,10,30
2020-04-20 15:00:00,2020,4,20,15,46,10,30
2020-04-20 18:00:00,2020,4,20,18,25,8,35
2020-04-20 18:00:00,2020,4,20,18,46,10,35
2020-04-20 21:00:00,2020,4,20,21,25,6,35
2020-04-20 21:00:00,2020,4,20,21,46,8,45
2020-04-21 00:00:00,2020,4,21,0,25,6,40
2020-04-21 00:00:00,2020,4,21,0,46,7,50
2020-04-21 03:00:00,2020,4,21,3,25,7,45
2020-04-21 03:00:00,2020,4,21,3,46,6,60
2020-04-21 06:00:00,2020,4,21,6,25,5,50
2020-04-21 06:00:00,2020,4,21,6,46,6,60
2020-04-21 09:00:00,2020,4,21,9,25,8,35
2020-04-21 09:00:00,2020,4,21,9,46,6,60
2020-04-21 12:00:00,2020,4,21,12,25,10,35
2020-04-21 12:00:00,2020,4,21,12,46,9,50
2020-04-21 15:00:00,2020,4,21,15,25,9,35
2020-04-21 15:00:00,2020,4,21,15,46,12,35
2020-04-21 18:00:00,2020,4,21,18,25,7,45
2020-04-21 18:00:00,2020,4,21,18,46,13,35
2020-04-21 21:00:00,2020,4,21,21,25,6,50
2020-04-21 21:00:00,2020,4,21,21,46,10,45
2020-04-22 00:00:00,2020,4,22,0,25,6,60
2020-04-22 00:00:00,2020,4,22,0,46,7,50
2020-04-22 03:00:00,2020,4,22,3,25,6,65
2020-04-22 03:00:00,2020,4,22,3,46,6,60
2020-04-22 06:00:00,2020,4,22,6,25,6,65
2020-04-22 06:00:00,2020,4,22,6,46,6,60
2020-04-22 09:00:00,2020,4,22,9,25,10,50
2020-04-22 09:00:00,2020,4,22,9,46,5,70
2020-04-22 12:00:00,2020,4,22,12,25,12,40
2020-04-22 12:00:00,2020,4,22,12,46,11,45
2020-04-22 15:00:00,2020,4,22,15,25,13,35
2020-04-22 15:00:00,2020,4,22,15,46,15,25
2020-04-22 18:00:00,2020,4,22,18,25,9,45
2020-04-22 18:00:00,2020,4,22,18,46,15,30
2020-04-22 21:00:00,2020,4,22,21,25,6,55
2020-04-22 21:00:00,2020,4,22,21,46,13,40
2020-04-23 00:00:00,2020,4,23,0,25,6,60
2020-04-23 00:00:00,2020,4,23,0,46,10,55
2020-04-23 03:00:00,2020,4,23,3,25,6,65
2020-04-23 03:00:00,2020,4,23,3,46,10,55
2020-04-23 06:00:00,2020,4,23,6,25,5,75
2020-04-23 06:00:00,2020,4,23,6,46,10,55
2020-04-23 09:00:00,2020,4,23,9,25,11,40
2020-04-23 09:00:00,2020,4,23,9,46,10,60
2020-04-23 12:00:00,2020,4,23,12,25,14,30
2020-04-23 12:00:00,2020,4,23,12,46,14,55
2020-04-23 15:00:00,2020,4,23,15,25,15,30
2020-04-23 15:00:00,2020,4,23,15,46,17,45
2020-04-23 18:00:00,2020,4,23,18,25,13,40
2020-04-23 18:00:00,2020,4,23,18,46,17,40
2020-04-23 21:00:00,2020,4,23,21,25,10,55
2020-04-23 21:00:00,2020,4,23,21,46,13,55
2020-04-24 00:00:00,2020,4,24,0,25,10,55
2020-04-24 00:00:00,2020,4,24,0,46,9,70
2020-04-24 03:00:00,2020,4,24,3,25,10,55
2020-04-24 03:00:00,2020,4,24,3,46,9,70
2020-04-24 06:00:00,2020,4,24,6,25,11,60
2020-04-24 06:00:00,2020,4,24,6,46,8,70
2020-04-24 09:00:00,2020,4,24,9,25,14,60
2020-04-24 09:00:00,2020,4,24,9,46,7,75
2020-04-24 12:00:00,2020,4,24,12,25,16,50
2020-04-24 12:00:00,2020,4,24,12,46,12,50
2020-04-24 15:00:00,2020,4,24,15,25,16,40
2020-04-24 15:00:00,2020,4,24,15,46,16,30
2020-04-24 18:00:00,2020,4,24,18,25,12,60
2020-04-24 18:00:00,2020,4,24,18,46,17,20
2020-04-24 21:00:00,2020,4,24,21,25,10,65
2020-04-24 21:00:00,2020,4,24,21,46,15,30
2020-04-25 00:00:00,2020,4,25,0,25,9,65
2020-04-25 00:00:00,2020,4,25,0,46,9,50
2020-04-25 03:00:00,2020,4,25,3,25,8,70
2020-04-25 03:00:00,2020,4,25,3,46,7,65
2020-04-25 06:00:00,2020,4,25,6,25,7,75
2020-04-25 06:00:00,2020,4,25,6,46,6,75
2020-04-25 09:00:00,2020,4,25,9,25,12,50
2020-04-25 09:00:00,2020,4,25,9,46,5,80
2020-04-25 12:00:00,2020,4,25,12,25,16,25
2020-04-25 12:00:00,2020,4,25,12,46,12,60
2020-04-25 15:00:00,2020,4,25,15,25,17,20
2020-04-25 15:00:00,2020,4,25,15,46,16,40
2020-04-25 18:00:00,2020,4,25,18,25,15,25
2020-04-25 18:00:00,2020,4,25,18,46,16,30
2020-04-25 21:00:00,2020,4,25,21,25,9,55
2020-04-25 21:00:00,2020,4,25,21,46,14,35
2020-04-26 00:00:00,2020,4,26,0,25,7,70
2020-04-26 00:00:00,2020,4,26,0,46,10,50
2020-04-26 03:00:00,2020,4,26,3,25,6,80
2020-04-26 03:00:00,2020,4,26,3,46,9,60
2020-04-26 06:00:00,2020,4,26,6,25,5,80
2020-04-26 06:00:00,2020,4,26,6,46,7,75
2020-04-26 09:00:00,2020,4,26,9,25,12,60
2020-04-26 09:00:00,2020,4,26,9,46,5,80
2020-04-26 12:00:00,2020,4,26,12,25,15,35
2020-04-26 12:00:00,2020,4,26,12,46,13,50
2020-04-26 15:00:00,2020,4,26,15,25,16,30
2020-04-26 15:00:00,2020,4,26,15,46,18,30
2020-04-26 18:00:00,2020,4,26,18,25,14,30
2020-04-26 18:00:00,2020,4,26,18,46,18,30
2020-04-26 21:00:00,2020,4,26,21,25,10,45
2020-04-26 21:00:00,2020,4,26,21,46,15,45
2020-04-27 00:00:00,2020,4,27,0,25,8,60
2020-04-27 00:00:00,2020,4,27,0,46,11,70
2020-04-27 03:00:00,2020,4,27,3,25,7,75
2020-04-27 03:00:00,2020,4,27,3,46,10,75
2020-04-27 06:00:00,2020,4,27,6,25,6,75
2020-04-27 06:00:00,2020,4,27,6,46,9,75
2020-04-27 09:00:00,2020,4,27,9,25,13,50
2020-04-27 09:00:00,2020,4,27,9,46,9,75
2020-04-27 12:00:00,2020,4,27,12,25,18,30
2020-04-27 12:00:00,2020,4,27,12,46,15,45
2020-04-27 15:00:00,2020,4,27,15,25,19,30
2020-04-27 15:00:00,2020,4,27,15,46,20,30
2020-04-27 18:00:00,2020,4,27,18,25,16,50
2020-04-27 18:00:00,2020,4,27,18,46,20,25
2020-04-27 21:00:00,2020,4,27,21,25,11,70
2020-04-27 21:00:00,2020,4,27,21,46,18,30
2020-04-28 00:00:00,2020,4,28,0,25,10,80
2020-04-28 00:00:00,2020,4,28,0,46,12,50
2020-04-28 03:00:00,2020,4,28,3,25,9,80
2020-04-28 03:00:00,2020,4,28,3,46,10,60
2020-04-28 06:00:00,2020,4,28,6,25,8,75
2020-04-28 06:00:00,2020,4,28,6,46,9,70
2020-04-28 09:00:00,2020,4,28,9,25,16,45
2020-04-28 09:00:00,2020,4,28,9,46,9,80
2020-04-28 12:00:00,2020,4,28,12,25,19,30
2020-04-28 12:00:00,2020,4,28,12,46,16,55
2020-04-28 15:00:00,2020,4,28,15,25,20,25
2020-04-28 15:00:00,2020,4,28,15,46,20,45
2020-04-28 18:00:00,2020,4,28,18,25,18,30
2020-04-28 18:00:00,2020,4,28,18,46,21,60
2020-04-28 21:00:00,2020,4,28,21,25,12,45
2020-04-28 21:00:00,2020,4,28,21,46,19,70
2020-04-29 00:00:00,2020,4,29,0,25,10,55
2020-04-29 00:00:00,2020,4,29,0,46,16,75
2020-04-29 03:00:00,2020,4,29,3,25,9,70
2020-04-29 03:00:00,2020,4,29,3,46,16,80
2020-04-29 06:00:00,2020,4,29,6,25,9,75
2020-04-29 06:00:00,2020,4,29,6,46,16,85
2020-04-29 09:00:00,2020,4,29,9,25,17,50
2020-04-29 09:00:00,2020,4,29,9,46,15,85
2020-04-29 12:00:00,2020,4,29,12,25,21,50
2020-04-29 12:00:00,2020,4,29,12,46,19,70
2020-04-29 15:00:00,2020,4,29,15,25,22,55
2020-04-29 15:00:00,2020,4,29,15,46,23,60
2020-04-29 18:00:00,2020,4,29,18,25,19,70
2020-04-29 18:00:00,2020,4,29,18,46,24,60
2020-04-29 21:00:00,2020,4,29,21,25,17,80
2020-04-29 21:00:00,2020,4,29,21,46,20,70
2020-04-30 00:00:00,2020,4,30,0,25,16,85
2020-04-30 00:00:00,2020,4,30,0,46,17,80
2020-04-30 03:00:00,2020,4,30,3,25,15,85
2020-04-30 03:00:00,2020,4,30,3,46,16,80
2020-04-30 06:00:00,2020,4,30,6,25,15,85
2020-04-30 06:00:00,2020,4,30,6,46,16,85
2020-04-30 09:00:00,2020,4,30,9,25,19,70
2020-04-30 09:00:00,2020,4,30,9,46,16,85
2020-04-30 12:00:00,2020,4,30,12,25,23,55
2020-04-30 12:00:00,2020,4,30,12,46,18,75
2020-04-30 15:00:00,2020,4,30,15,25,24,55
2020-04-30 15:00:00,2020,4,30,15,46,23,60
2020-04-30 18:00:00,2020,4,30,18,25,21,70
2020-04-30 18:00:00,2020,4,30,18,46,24,50
2020-04-30 21:00:00,2020,4,30,21,25,18,80
2020-04-30 21:00:00,2020,4,30,21,46,21,60
2020-05-01 00:00:00,2020,5,1,0,25,17,85
2020-05-01 00:00:00,2020,5,1,0,46,17,70
2020-05-01 03:00:00,2020,5,1,3,25,16,85
2020-05-01 03:00:00,2020,5,1,3,46,16,85
2020-05-01 06:00:00,2020,5,1,6,25,16,85
2020-05-01 06:00:00,2020,5,1,6,46,16,85
2020-05-01 09:00:00,2020,5,1,9,25,19,75
2020-05-01 09:00:00,2020,5,1,9,46,16,85
