,year,day,hour,forecast,temp,hum
0,2020,1,2,25,4.0,75.0
1,2020,1,2,46,-1.0,90.0
2,2020,1,5,25,6.0,65.0
3,2020,1,5,46,4.0,65.0
4,2020,1,8,25,3.0,70.0
5,2020,1,8,46,5.0,60.0
6,2020,1,11,25,2.0,70.0
7,2020,1,11,46,2.0,75.0
8,2020,1,14,25,1.0,80.0
9,2020,1,14,46,0.0,80.0
10,2020,1,17,25,-1.0,85.0
11,2020,1,17,46,0.0,85.0
12,2020,1,20,25,-2.0,90.0
13,2020,1,20,46,0.0,90.0
14,2020,1,23,25,-1.0,85.0
15,2020,1,23,46,0.0,85.0
16,2020,2,2,25,4.0,65.0
17,2020,2,2,46,1.0,80.0
18,2020,2,5,25,6.0,60.0
19,2020,2,5,46,6.0,65.0
20,2020,2,8,25,2.0,75.0
21,2020,2,8,46,7.0,60.0
22,2020,2,11,25,0.0,80.0
23,2020,2,11,46,3.0,70.0
24,2020,2,14,25,-1.0,85.0
25,2020,2,14,46,2.0,70.0
26,2020,2,17,25,-2.0,85.0
27,2020,2,17,46,-1.0,70.0
28,2020,2,20,25,-3.0,85.0
29,2020,2,20,46,-2.0,80.0
30,2020,2,23,25,-2.0,85.0
31,2020,2,23,46,-4.0,85.0
32,2020,3,2,25,6.0,60.0
33,2020,3,2,46,-2.0,85.0
34,2020,3,5,25,7.0,60.0
35,2020,3,5,46,4.0,55.0
36,2020,3,8,25,3.0,70.0
37,2020,3,8,46,4.0,45.0
38,2020,3,11,25,1.0,65.0
39,2020,3,11,46,2.0,65.0
40,2020,3,14,25,-1.0,70.0
41,2020,3,14,46,1.0,70.0
42,2020,3,17,25,-2.0,80.0
43,2020,3,17,46,-1.0,80.0
44,2020,3,20,25,-4.0,80.0
45,2020,3,20,46,0.0,75.0
46,2020,3,23,25,-2.0,80.0
47,2020,3,23,46,0.0,75.0
48,2020,4,2,25,4.0,55.0
49,2020,4,2,46,1.0,65.0
50,2020,4,5,25,5.0,50.0
51,2020,4,5,46,2.0,75.0
52,2020,4,8,25,2.0,60.0
53,2020,4,8,46,3.0,70.0
54,2020,4,11,25,0.0,70.0
55,2020,4,11,46,3.0,85.0
56,2020,4,14,25,-1.0,75.0
57,2020,4,14,46,4.0,85.0
58,2020,4,17,25,0.0,70.0
59,2020,4,17,46,4.0,90.0
60,2020,4,20,25,0.0,70.0
61,2020,4,20,46,6.0,85.0
62,2020,4,23,25,1.0,65.0
63,2020,4,23,46,6.0,90.0
64,2020,5,2,25,3.0,70.0
65,2020,5,2,46,5.0,90.0
66,2020,5,5,25,3.0,75.0
67,2020,5,5,46,6.0,90.0
68,2020,5,8,25,4.0,70.0
69,2020,5,8,46,7.0,95.0
70,2020,5,11,25,5.0,80.0
71,2020,5,11,46,7.0,90.0
72,2020,5,14,25,5.0,85.0
73,2020,5,14,46,11.0,80.0
74,2020,5,17,25,6.0,85.0
75,2020,5,17,46,12.0,85.0
76,2020,5,20,25,6.0,90.0
77,2020,5,20,46,7.0,80.0
78,2020,5,23,25,6.0,95.0
79,2020,5,23,46,6.0,80.0
80,2020,6,2,25,6.0,95.0
81,2020,6,2,46,4.0,85.0
82,2020,6,5,25,7.0,90.0
83,2020,6,5,46,3.0,80.0
84,2020,6,8,25,7.0,85.0
85,2020,6,8,46,3.0,75.0
86,2020,6,11,25,9.0,85.0
87,2020,6,11,46,1.0,75.0
88,2020,6,14,25,8.0,90.0
89,2020,6,14,46,0.0,70.0
90,2020,6,17,25,6.0,85.0
91,2020,6,17,46,-1.0,75.0
92,2020,6,20,25,5.0,85.0
93,2020,6,20,46,-1.0,70.0
94,2020,6,23,25,4.0,85.0
95,2020,6,23,46,-2.0,75.0
96,2020,7,2,25,3.0,80.0
97,2020,7,2,46,-2.0,75.0
98,2020,7,5,25,2.0,75.0
99,2020,7,5,46,1.0,60.0
100,2020,7,8,25,1.0,75.0
101,2020,7,8,46,3.0,55.0
102,2020,7,11,25,0.0,70.0
103,2020,7,11,46,0.0,65.0
104,2020,7,14,25,-1.0,75.0
105,2020,7,14,46,-1.0,70.0
106,2020,7,17,25,-1.0,70.0
107,2020,7,17,46,-3.0,80.0
108,2020,7,20,25,-2.0,75.0
109,2020,7,20,46,-4.0,85.0
110,2020,7,23,25,-1.0,75.0
111,2020,7,23,46,-3.0,85.0
112,2020,8,2,25,2.0,60.0
113,2020,8,2,46,-3.0,85.0
114,2020,8,5,25,2.0,55.0
115,2020,8,5,46,2.0,60.0
116,2020,8,8,25,0.0,65.0
117,2020,8,8,46,3.0,55.0
118,2020,8,11,25,-2.0,70.0
119,2020,8,11,46,0.0,70.0
120,2020,8,14,25,-3.0,80.0
121,2020,8,14,46,-1.0,75.0
122,2020,8,17,25,-4.0,90.0
123,2020,8,17,46,-1.0,80.0
124,2020,8,20,25,-3.0,85.0
125,2020,8,20,46,-1.0,85.0
126,2020,8,23,25,-2.0,85.0
127,2020,8,23,46,-2.0,85.0
128,2020,9,2,25,2.0,65.0
129,2020,9,2,46,0.0,80.0
130,2020,9,5,25,4.0,55.0
131,2020,9,5,46,5.0,65.0
132,2020,9,8,25,1.0,75.0
133,2020,9,8,46,4.0,55.0
134,2020,9,11,25,-1.0,80.0
135,2020,9,11,46,0.0,65.0
136,2020,9,14,25,0.0,80.0
137,2020,9,14,46,-1.0,65.0
138,2020,9,17,25,-1.0,85.0
139,2020,9,17,46,-2.0,70.0
140,2020,9,20,25,-2.0,90.0
141,2020,9,20,46,-2.0,75.0
142,2020,9,23,25,0.0,85.0
143,2020,9,23,46,-3.0,75.0
144,2020,10,2,25,4.0,70.0
145,2020,10,2,46,-1.0,75.0
146,2020,10,5,25,4.0,60.0
147,2020,10,5,46,1.0,60.0
148,2020,10,8,25,1.0,65.0
149,2020,10,8,46,2.0,55.0
150,2020,10,11,25,-1.0,70.0
151,2020,10,11,46,0.0,65.0
152,2020,10,14,25,-2.0,75.0
153,2020,10,14,46,-1.0,70.0
154,2020,10,17,25,-2.0,75.0
155,2020,10,17,46,-2.0,70.0
156,2020,10,20,25,-3.0,75.0
157,2020,10,20,46,-2.0,70.0
158,2020,10,23,25,-1.0,75.0
159,2020,10,23,46,-2.0,75.0
160,2020,11,2,25,2.0,65.0
161,2020,11,2,46,-2.0,70.0
162,2020,11,5,25,3.0,60.0
163,2020,11,5,46,0.0,55.0
164,2020,11,8,25,0.0,65.0
165,2020,11,8,46,1.0,50.0
166,2020,11,11,25,-1.0,70.0
167,2020,11,11,46,-2.0,55.0
168,2020,11,14,25,-2.0,70.0
169,2020,11,14,46,-3.0,60.0
170,2020,11,17,25,-2.0,70.0
171,2020,11,17,46,-4.0,70.0
172,2020,11,20,25,-1.0,70.0
173,2020,11,20,46,-4.0,70.0
174,2020,11,23,25,-2.0,70.0
175,2020,11,23,46,-4.0,70.0
176,2020,12,2,25,0.0,55.0
177,2020,12,2,46,-2.0,70.0
178,2020,12,5,25,1.0,50.0
179,2020,12,5,46,2.0,55.0
180,2020,12,8,25,-2.0,60.0
181,2020,12,8,46,2.0,55.0
182,2020,12,11,25,-3.0,65.0
183,2020,12,11,46,0.0,60.0
184,2020,12,14,25,-3.0,70.0
185,2020,12,14,46,-3.0,70.0
186,2020,12,17,25,-4.0,80.0
187,2020,12,17,46,-3.0,75.0
188,2020,12,20,25,-4.0,80.0
189,2020,12,20,46,-4.0,85.0
190,2020,12,23,25,-2.0,80.0
191,2020,12,23,46,-5.0,75.0
192,2020,13,2,25,1.0,65.0
193,2020,13,2,46,-3.0,70.0
194,2020,13,5,25,1.0,65.0
195,2020,13,5,46,1.0,45.0
196,2020,13,8,25,-1.0,65.0
197,2020,13,8,46,1.0,50.0
198,2020,13,11,25,-2.0,70.0
199,2020,13,11,46,-2.0,65.0
200,2020,13,14,25,-3.0,80.0
201,2020,13,14,46,-3.0,70.0
202,2020,13,17,25,-3.0,75.0
203,2020,13,17,46,-4.0,75.0
204,2020,13,20,25,-5.0,75.0
205,2020,13,20,46,-4.0,80.0
206,2020,13,23,25,-3.0,65.0
207,2020,13,23,46,-4.0,75.0
208,2020,14,2,25,1.0,50.0
209,2020,14,2,46,-3.0,70.0
210,2020,14,5,25,1.0,50.0
211,2020,14,5,46,1.0,40.0
212,2020,14,8,25,-1.0,65.0
213,2020,14,8,46,2.0,45.0
214,2020,14,11,25,-3.0,75.0
215,2020,14,11,46,-1.0,70.0
216,2020,14,14,25,-3.0,75.0
217,2020,14,14,46,-2.0,70.0
218,2020,14,17,25,-4.0,75.0
219,2020,14,17,46,-3.0,75.0
220,2020,14,20,25,-4.0,75.0
221,2020,14,20,46,-4.0,75.0
222,2020,14,23,25,-3.0,70.0
223,2020,14,23,46,-4.0,75.0
224,2020,15,2,25,1.0,40.0
225,2020,15,2,46,-3.0,70.0
226,2020,15,5,25,2.0,45.0
227,2020,15,5,46,1.0,45.0
228,2020,15,8,25,-1.0,65.0
229,2020,15,8,46,2.0,45.0
230,2020,15,11,25,-2.0,65.0
231,2020,15,11,46,-1.0,60.0
232,2020,15,14,25,-3.0,75.0
233,2020,15,14,46,-2.0,70.0
234,2020,15,17,25,-4.0,80.0
235,2020,15,17,46,-3.0,80.0
236,2020,15,20,25,-4.0,75.0
237,2020,15,20,46,-2.0,75.0
238,2020,15,23,25,-3.0,70.0
239,2020,15,23,46,-3.0,80.0
240,2020,16,2,25,1.0,45.0
241,2020,16,2,46,-2.0,75.0
242,2020,16,5,25,2.0,50.0
243,2020,16,5,46,3.0,45.0
244,2020,16,8,25,-1.0,65.0
245,2020,16,8,46,4.0,40.0
246,2020,16,11,25,-2.0,70.0
247,2020,16,11,46,1.0,60.0
248,2020,16,14,25,-2.0,75.0
249,2020,16,14,46,-1.0,75.0
250,2020,16,17,25,-2.0,75.0
251,2020,16,17,46,-2.0,85.0
252,2020,16,20,25,-3.0,80.0
253,2020,16,20,46,-1.0,90.0
254,2020,16,23,25,-2.0,75.0
255,2020,16,23,46,-1.0,85.0
256,2020,17,2,25,3.0,40.0
257,2020,17,2,46,1.0,85.0
258,2020,17,5,25,4.0,40.0
259,2020,17,5,46,5.0,60.0
260,2020,17,8,25,1.0,60.0
261,2020,17,8,46,6.0,60.0
262,2020,17,11,25,-1.0,80.0
263,2020,17,11,46,4.0,65.0
264,2020,17,14,25,-2.0,85.0
265,2020,17,14,46,1.0,70.0
266,2020,17,17,25,-1.0,85.0
267,2020,17,17,46,-1.0,75.0
268,2020,17,20,25,-1.0,85.0
269,2020,17,20,46,0.0,75.0
270,2020,17,23,25,0.0,85.0
271,2020,17,23,46,0.0,75.0
272,2020,18,2,25,6.0,55.0
273,2020,18,2,46,1.0,70.0
274,2020,18,5,25,6.0,60.0
275,2020,18,5,46,4.0,55.0
276,2020,18,8,25,4.0,65.0
277,2020,18,8,46,4.0,50.0
278,2020,18,11,25,1.0,70.0
279,2020,18,11,46,3.0,60.0
280,2020,18,14,25,0.0,75.0
281,2020,18,14,46,1.0,65.0
282,2020,18,17,25,0.0,75.0
283,2020,18,17,46,-2.0,70.0
284,2020,18,20,25,-1.0,70.0
285,2020,18,20,46,-3.0,80.0
286,2020,18,23,25,0.0,70.0
287,2020,18,23,46,-5.0,85.0
288,2020,19,2,25,3.0,60.0
289,2020,19,2,46,-3.0,80.0
290,2020,19,5,25,5.0,50.0
291,2020,19,5,46,2.0,50.0
292,2020,19,8,25,2.0,55.0
293,2020,19,8,46,3.0,40.0
294,2020,19,11,25,0.0,60.0
295,2020,19,11,46,1.0,60.0
296,2020,19,14,25,-2.0,70.0
297,2020,19,14,46,-1.0,70.0
298,2020,19,17,25,-4.0,70.0
299,2020,19,17,46,-1.0,70.0
300,2020,19,20,25,-5.0,75.0
301,2020,19,20,46,-1.0,70.0
302,2020,19,23,25,-4.0,70.0
303,2020,19,23,46,-1.0,75.0
304,2020,20,2,25,1.0,50.0
305,2020,20,2,46,0.0,85.0
306,2020,20,5,25,3.0,40.0
307,2020,20,5,46,3.0,70.0
308,2020,20,8,25,0.0,60.0
309,2020,20,8,46,5.0,65.0
310,2020,20,11,25,-2.0,70.0
311,2020,20,11,46,4.0,70.0
312,2020,20,14,25,-2.0,75.0
313,2020,20,14,46,3.0,80.0
314,2020,20,17,25,-2.0,75.0
315,2020,20,17,46,3.0,80.0
316,2020,20,20,25,-2.0,80.0
317,2020,20,20,46,3.0,80.0
318,2020,20,23,25,-1.0,75.0
319,2020,20,23,46,3.0,95.0
320,2020,21,2,25,3.0,60.0
321,2020,21,2,46,3.0,95.0
322,2020,21,5,25,6.0,60.0
323,2020,21,5,46,4.0,90.0
324,2020,21,8,25,5.0,65.0
325,2020,21,8,46,8.0,60.0
326,2020,21,11,25,3.0,75.0
327,2020,21,11,46,5.0,70.0
328,2020,21,14,25,3.0,80.0
329,2020,21,14,46,4.0,70.0
330,2020,21,17,25,3.0,80.0
331,2020,21,17,46,2.0,80.0
332,2020,21,20,25,2.0,80.0
333,2020,21,20,46,2.0,85.0
334,2020,21,23,25,3.0,85.0
335,2020,21,23,46,2.0,85.0
336,2020,22,2,25,6.0,70.0
337,2020,22,2,46,1.0,85.0
338,2020,22,5,25,8.0,60.0
339,2020,22,5,46,3.0,70.0
340,2020,22,8,25,6.0,70.0
341,2020,22,8,46,5.0,65.0
342,2020,22,11,25,4.0,75.0
343,2020,22,11,46,3.0,75.0
344,2020,22,14,25,3.0,80.0
345,2020,22,14,46,1.0,75.0
346,2020,22,17,25,2.0,85.0
347,2020,22,17,46,2.0,80.0
348,2020,22,20,25,2.0,85.0
349,2020,22,20,46,2.0,85.0
350,2020,22,23,25,1.0,90.0
351,2020,22,23,46,2.0,85.0
352,2020,23,2,25,3.0,75.0
353,2020,23,2,46,3.0,90.0
354,2020,23,5,25,4.0,65.0
355,2020,23,5,46,7.0,70.0
356,2020,23,8,25,3.0,70.0
357,2020,23,8,46,9.0,60.0
358,2020,23,11,25,1.0,75.0
359,2020,23,11,46,6.0,70.0
360,2020,23,14,25,1.0,75.0
361,2020,23,14,46,4.0,75.0
362,2020,23,17,25,2.0,80.0
363,2020,23,17,46,2.0,85.0
364,2020,23,20,25,1.0,85.0
365,2020,23,20,46,2.0,85.0
366,2020,23,23,25,2.0,90.0
367,2020,23,23,46,1.0,85.0
368,2020,24,2,25,7.0,70.0
369,2020,24,2,46,2.0,80.0
370,2020,24,5,25,8.0,65.0
371,2020,24,5,46,7.0,60.0
372,2020,24,8,25,5.0,75.0
373,2020,24,8,46,10.0,50.0
374,2020,24,11,25,4.0,80.0
375,2020,24,11,46,7.0,55.0
376,2020,24,14,25,2.0,80.0
377,2020,24,14,46,6.0,65.0
378,2020,24,17,25,2.0,85.0
379,2020,24,17,46,5.0,70.0
380,2020,24,20,25,2.0,90.0
381,2020,24,20,46,5.0,65.0
382,2020,24,23,25,3.0,85.0
383,2020,24,23,46,6.0,70.0
384,2020,25,2,25,8.0,65.0
385,2020,25,2,46,6.0,80.0
386,2020,25,5,25,10.0,55.0
387,2020,25,5,46,5.0,80.0
388,2020,25,8,25,7.0,50.0
389,2020,25,8,46,5.0,75.0
390,2020,25,11,25,6.0,55.0
391,2020,25,11,46,3.0,80.0
392,2020,25,14,25,5.0,60.0
393,2020,25,14,46,3.0,75.0
394,2020,25,17,25,6.0,65.0
395,2020,25,17,46,3.0,80.0
396,2020,25,20,25,4.0,70.0
397,2020,25,20,46,4.0,80.0
398,2020,25,23,25,5.0,70.0
399,2020,25,23,46,4.0,80.0
400,2020,26,2,25,6.0,60.0
401,2020,26,2,46,4.0,85.0
402,2020,26,5,25,6.0,65.0
403,2020,26,5,46,7.0,65.0
404,2020,26,8,25,5.0,70.0
405,2020,26,8,46,7.0,65.0
406,2020,26,11,25,4.0,75.0
407,2020,26,11,46,6.0,65.0
408,2020,26,14,25,4.0,80.0
409,2020,26,14,46,4.0,65.0
410,2020,26,17,25,4.0,80.0
411,2020,26,17,46,3.0,75.0
412,2020,26,20,25,4.0,85.0
413,2020,26,20,46,2.0,80.0
414,2020,26,23,25,4.0,90.0
415,2020,26,23,46,2.0,80.0
416,2020,27,2,25,6.0,75.0
417,2020,27,2,46,2.0,85.0
418,2020,27,5,25,7.0,65.0
419,2020,27,5,46,5.0,70.0
420,2020,27,8,25,6.0,65.0
421,2020,27,8,46,6.0,65.0
422,2020,27,11,25,3.0,70.0
423,2020,27,11,46,5.0,70.0
424,2020,27,14,25,3.0,75.0
425,2020,27,14,46,3.0,75.0
426,2020,27,17,25,2.0,85.0
427,2020,27,17,46,2.0,80.0
428,2020,27,20,25,1.0,85.0
429,2020,27,20,46,1.0,85.0
430,2020,27,23,25,2.0,90.0
431,2020,27,23,46,-1.0,90.0
432,2020,28,2,25,6.0,70.0
433,2020,28,2,46,1.0,85.0
434,2020,28,5,25,7.0,65.0
435,2020,28,5,46,6.0,65.0
436,2020,28,8,25,5.0,70.0
437,2020,28,8,46,6.0,60.0
438,2020,28,11,25,3.0,75.0
439,2020,28,11,46,4.0,70.0
440,2020,28,14,25,2.0,80.0
441,2020,28,14,46,0.0,85.0
442,2020,28,17,25,1.0,85.0
443,2020,28,17,46,-1.0,90.0
444,2020,28,20,25,0.0,90.0
445,2020,28,20,46,-1.0,90.0
446,2020,28,23,25,1.0,90.0
447,2020,28,23,46,-2.0,95.0
448,2020,29,2,25,6.0,60.0
449,2020,29,2,46,-1.0,90.0
450,2020,29,5,25,7.0,50.0
451,2020,29,5,46,4.0,65.0
452,2020,29,8,25,4.0,70.0
453,2020,29,8,46,5.0,60.0
454,2020,29,11,25,1.0,80.0
455,2020,29,11,46,2.0,60.0
456,2020,29,14,25,0.0,90.0
457,2020,29,14,46,-1.0,80.0
458,2020,29,17,25,0.0,90.0
459,2020,29,17,46,-1.0,80.0
460,2020,29,20,25,-1.0,90.0
461,2020,29,20,46,-2.0,80.0
462,2020,29,23,25,1.0,90.0
463,2020,29,23,46,-4.0,80.0
464,2020,30,2,25,5.0,65.0
465,2020,30,2,46,-1.0,80.0
466,2020,30,5,25,5.0,60.0
467,2020,30,5,46,5.0,65.0
468,2020,30,8,25,2.0,65.0
469,2020,30,8,46,6.0,55.0
470,2020,30,11,25,-1.0,80.0
471,2020,30,11,46,3.0,60.0
472,2020,30,14,25,-1.0,85.0
473,2020,30,14,46,1.0,70.0
474,2020,30,17,25,-2.0,75.0
475,2020,30,17,46,-1.0,70.0
476,2020,30,20,25,-3.0,85.0
477,2020,30,20,46,-2.0,75.0
478,2020,30,23,25,0.0,90.0
479,2020,30,23,46,-3.0,75.0
480,2020,31,2,25,5.0,65.0
481,2020,31,2,46,-1.0,75.0
482,2020,31,5,25,7.0,60.0
483,2020,31,5,46,3.0,50.0
484,2020,31,8,25,4.0,65.0
485,2020,31,8,46,4.0,45.0
486,2020,31,11,25,2.0,65.0
487,2020,31,11,46,1.0,55.0
488,2020,31,14,25,-1.0,70.0
489,2020,31,14,46,-1.0,70.0
490,2020,31,17,25,-2.0,75.0
491,2020,31,17,46,-1.0,75.0
492,2020,31,20,25,-3.0,80.0
493,2020,31,20,46,-1.0,80.0
494,2020,31,23,25,-1.0,75.0
495,2020,31,23,46,-1.0,75.0
496,2020,1,2,25,3.0,50.0
497,2020,1,2,46,-1.0,70.0
498,2020,1,5,25,4.0,45.0
499,2020,1,5,46,2.0,50.0
500,2020,1,8,25,2.0,60.0
501,2020,1,8,46,2.0,45.0
502,2020,1,11,25,-1.0,75.0
503,2020,1,11,46,-1.0,50.0
504,2020,1,14,25,-1.0,85.0
505,2020,1,14,46,-3.0,65.0
506,2020,1,17,25,-2.0,80.0
507,2020,1,17,46,-3.0,70.0
508,2020,1,20,25,0.0,70.0
509,2020,1,20,46,-5.0,75.0
510,2020,1,23,25,-1.0,70.0
511,2020,1,23,46,-6.0,75.0
512,2020,2,2,25,2.0,50.0
513,2020,2,2,46,-3.0,60.0
514,2020,2,5,25,2.0,45.0
515,2020,2,5,46,3.0,45.0
516,2020,2,8,25,-1.0,50.0
517,2020,2,8,46,4.0,50.0
518,2020,2,11,25,-3.0,65.0
519,2020,2,11,46,2.0,65.0
520,2020,2,14,25,-4.0,65.0
521,2020,2,14,46,0.0,70.0
522,2020,2,17,25,-5.0,75.0
523,2020,2,17,46,-3.0,55.0
524,2020,2,20,25,-5.0,80.0
525,2020,2,20,46,-6.0,55.0
526,2020,2,23,25,-3.0,65.0
527,2020,2,23,46,-8.0,55.0
528,2020,3,2,25,3.0,50.0
529,2020,3,2,46,-7.0,50.0
530,2020,3,5,25,5.0,50.0
531,2020,3,5,46,-5.0,40.0
532,2020,3,8,25,2.0,65.0
533,2020,3,8,46,-4.0,40.0
534,2020,3,11,25,1.0,75.0
535,2020,3,11,46,-5.0,45.0
536,2020,3,14,25,-2.0,65.0
537,2020,3,14,46,-6.0,55.0
538,2020,3,17,25,-7.0,60.0
539,2020,3,17,46,-7.0,55.0
540,2020,3,20,25,-8.0,60.0
541,2020,3,20,46,-8.0,60.0
542,2020,3,23,25,-7.0,55.0
543,2020,3,23,46,-9.0,65.0
544,2020,4,2,25,-5.0,40.0
545,2020,4,2,46,-8.0,50.0
546,2020,4,5,25,-4.0,40.0
547,2020,4,5,46,-4.0,25.0
548,2020,4,8,25,-5.0,45.0
549,2020,4,8,46,-2.0,20.0
550,2020,4,11,25,-6.0,55.0
551,2020,4,11,46,-3.0,45.0
552,2020,4,14,25,-7.0,50.0
553,2020,4,14,46,-4.0,65.0
554,2020,4,17,25,-8.0,55.0
555,2020,4,17,46,-5.0,65.0
556,2020,4,20,25,-9.0,60.0
557,2020,4,20,46,-6.0,75.0
558,2020,4,23,25,-8.0,50.0
559,2020,4,23,46,-7.0,70.0
560,2020,5,2,25,-3.0,25.0
561,2020,5,2,46,-4.0,65.0
562,2020,5,5,25,-1.0,25.0
563,2020,5,5,46,1.0,40.0
564,2020,5,8,25,-4.0,45.0
565,2020,5,8,46,3.0,55.0
566,2020,5,11,25,-6.0,65.0
567,2020,5,11,46,1.0,65.0
568,2020,5,14,25,-6.0,65.0
569,2020,5,14,46,0.0,75.0
570,2020,5,17,25,-6.0,75.0
571,2020,5,17,46,0.0,80.0
572,2020,5,20,25,-7.0,75.0
573,2020,5,20,46,0.0,80.0
574,2020,5,23,25,-4.0,60.0
575,2020,5,23,46,0.0,85.0
576,2020,6,2,25,1.0,45.0
577,2020,6,2,46,0.0,85.0
578,2020,6,5,25,3.0,55.0
579,2020,6,5,46,4.0,50.0
580,2020,6,8,25,1.0,65.0
581,2020,6,8,46,4.0,40.0
582,2020,6,11,25,-1.0,75.0
583,2020,6,11,46,2.0,50.0
584,2020,6,14,25,-1.0,80.0
585,2020,6,14,46,0.0,60.0
586,2020,6,17,25,0.0,80.0
587,2020,6,17,46,-2.0,65.0
588,2020,6,20,25,-1.0,85.0
589,2020,6,20,46,-4.0,75.0
590,2020,6,23,25,-1.0,85.0
591,2020,6,23,46,-5.0,85.0
592,2020,7,2,25,3.0,55.0
593,2020,7,2,46,-2.0,70.0
594,2020,7,5,25,4.0,40.0
595,2020,7,5,46,4.0,35.0
596,2020,7,8,25,1.0,45.0
597,2020,7,8,46,5.0,40.0
598,2020,7,11,25,-1.0,55.0
599,2020,7,11,46,2.0,60.0
600,2020,7,14,25,-2.0,65.0
601,2020,7,14,46,0.0,75.0
602,2020,7,17,25,-4.0,70.0
603,2020,7,17,46,0.0,80.0
604,2020,7,20,25,-5.0,75.0
605,2020,7,20,46,1.0,80.0
606,2020,7,23,25,-3.0,60.0
607,2020,7,23,46,2.0,85.0
608,2020,8,2,25,3.0,35.0
609,2020,8,2,46,3.0,90.0
610,2020,8,5,25,4.0,45.0
611,2020,8,5,46,8.0,60.0
612,2020,8,8,25,2.0,60.0
613,2020,8,8,46,8.0,45.0
614,2020,8,11,25,-1.0,75.0
615,2020,8,11,46,5.0,65.0
616,2020,8,14,25,1.0,75.0
617,2020,8,14,46,1.0,80.0
618,2020,8,17,25,2.0,80.0
619,2020,8,17,46,-1.0,85.0
620,2020,8,20,25,2.0,90.0
621,2020,8,20,46,-1.0,80.0
622,2020,8,23,25,2.0,90.0
623,2020,8,23,46,-2.0,75.0
624,2020,9,2,25,7.0,55.0
625,2020,9,2,46,2.0,60.0
626,2020,9,5,25,8.0,40.0
627,2020,9,5,46,10.0,40.0
628,2020,9,8,25,5.0,60.0
629,2020,9,8,46,13.0,30.0
630,2020,9,11,25,1.0,70.0
631,2020,9,11,46,8.0,55.0
632,2020,9,14,25,-1.0,85.0
633,2020,9,14,46,5.0,70.0
634,2020,9,17,25,-1.0,75.0
635,2020,9,17,46,5.0,80.0
636,2020,9,20,25,-1.0,75.0
637,2020,9,20,46,5.0,80.0
638,2020,9,23,25,2.0,55.0
639,2020,9,23,46,5.0,80.0
640,2020,10,2,25,10.0,40.0
641,2020,10,2,46,4.0,90.0
642,2020,10,5,25,13.0,25.0
643,2020,10,5,46,6.0,90.0
644,2020,10,8,25,8.0,50.0
645,2020,10,8,46,7.0,90.0
646,2020,10,11,25,5.0,65.0
647,2020,10,11,46,8.0,90.0
648,2020,10,14,25,5.0,75.0
649,2020,10,14,46,8.0,90.0
650,2020,10,17,25,5.0,80.0
651,2020,10,17,46,7.0,90.0
652,2020,10,20,25,5.0,85.0
653,2020,10,20,46,6.0,90.0
654,2020,10,23,25,4.0,90.0
655,2020,10,23,46,6.0,90.0
656,2020,11,2,25,6.0,90.0
657,2020,11,2,46,5.0,90.0
658,2020,11,5,25,7.0,90.0
659,2020,11,5,46,8.0,80.0
660,2020,11,8,25,8.0,90.0
661,2020,11,8,46,10.0,70.0
662,2020,11,11,25,7.0,90.0
663,2020,11,11,46,7.0,75.0
664,2020,11,14,25,6.0,90.0
665,2020,11,14,46,5.0,80.0
666,2020,11,17,25,5.0,90.0
667,2020,11,17,46,4.0,90.0
668,2020,11,20,25,2.0,90.0
669,2020,11,20,46,4.0,90.0
670,2020,11,23,25,3.0,95.0
671,2020,11,23,46,5.0,85.0
672,2020,12,2,25,9.0,80.0
673,2020,12,2,46,5.0,85.0
674,2020,12,5,25,10.0,75.0
675,2020,12,5,46,6.0,80.0
676,2020,12,8,25,8.0,75.0
677,2020,12,8,46,11.0,65.0
678,2020,12,11,25,5.0,80.0
679,2020,12,11,46,9.0,75.0
680,2020,12,14,25,3.0,90.0
681,2020,12,14,46,5.0,80.0
682,2020,12,17,25,3.0,90.0
683,2020,12,17,46,4.0,90.0
684,2020,12,20,25,3.0,90.0
685,2020,12,20,46,5.0,85.0
686,2020,12,23,25,4.0,90.0
687,2020,12,23,46,6.0,85.0
688,2020,13,2,25,8.0,80.0
689,2020,13,2,46,7.0,75.0
690,2020,13,5,25,11.0,70.0
691,2020,13,5,46,13.0,60.0
692,2020,13,8,25,9.0,75.0
693,2020,13,8,46,15.0,50.0
694,2020,13,11,25,5.0,80.0
695,2020,13,11,46,12.0,65.0
696,2020,13,14,25,4.0,85.0
697,2020,13,14,46,8.0,75.0
698,2020,13,17,25,4.0,85.0
699,2020,13,17,46,6.0,85.0
700,2020,13,20,25,6.0,85.0
701,2020,13,20,46,4.0,90.0
702,2020,13,23,25,8.0,80.0
703,2020,13,23,46,2.0,80.0
704,2020,14,2,25,13.0,60.0
705,2020,14,2,46,0.0,85.0
706,2020,14,5,25,15.0,50.0
707,2020,14,5,46,0.0,65.0
708,2020,14,8,25,12.0,75.0
709,2020,14,8,46,0.0,60.0
710,2020,14,11,25,8.0,80.0
711,2020,14,11,46,-1.0,65.0
712,2020,14,14,25,6.0,90.0
713,2020,14,14,46,-1.0,60.0
714,2020,14,17,25,4.0,90.0
715,2020,14,17,46,-2.0,65.0
716,2020,14,20,25,2.0,85.0
717,2020,14,20,46,-2.0,60.0
718,2020,14,23,25,0.0,70.0
719,2020,14,23,46,-3.0,60.0
720,2020,15,2,25,0.0,65.0
721,2020,15,2,46,-4.0,65.0
722,2020,15,5,25,0.0,60.0
723,2020,15,5,46,-2.0,65.0
724,2020,15,8,25,-1.0,65.0
725,2020,15,8,46,-3.0,60.0
726,2020,15,11,25,-1.0,60.0
727,2020,15,11,46,-4.0,55.0
728,2020,15,14,25,-2.0,65.0
729,2020,15,14,46,-4.0,60.0
730,2020,15,17,25,-2.0,65.0
731,2020,15,17,46,-4.0,60.0
732,2020,15,20,25,-3.0,60.0
733,2020,15,20,46,-5.0,65.0
734,2020,15,23,25,-3.0,65.0
735,2020,15,23,46,-6.0,70.0
736,2020,16,2,25,-3.0,60.0
737,2020,16,2,46,-4.0,60.0
738,2020,16,5,25,-3.0,60.0
739,2020,16,5,46,0.0,45.0
740,2020,16,8,25,-4.0,60.0
741,2020,16,8,46,2.0,45.0
742,2020,16,11,25,-4.0,60.0
743,2020,16,11,46,0.0,55.0
744,2020,16,14,25,-4.0,65.0
745,2020,16,14,46,-2.0,70.0
746,2020,16,17,25,-5.0,65.0
747,2020,16,17,46,-3.0,80.0
748,2020,16,20,25,-5.0,60.0
749,2020,16,20,46,-1.0,85.0
750,2020,16,23,25,-3.0,55.0
751,2020,16,23,46,-1.0,85.0
752,2020,17,2,25,1.0,40.0
753,2020,17,2,46,1.0,75.0
754,2020,17,5,25,2.0,40.0
755,2020,17,5,46,8.0,55.0
756,2020,17,8,25,0.0,60.0
757,2020,17,8,46,9.0,60.0
758,2020,17,11,25,-1.0,70.0
759,2020,17,11,46,6.0,70.0
760,2020,17,14,25,-2.0,80.0
761,2020,17,14,46,2.0,80.0
762,2020,17,17,25,-1.0,80.0
763,2020,17,17,46,1.0,85.0
764,2020,17,20,25,-1.0,85.0
765,2020,17,20,46,0.0,90.0
766,2020,17,23,25,1.0,80.0
767,2020,17,23,46,-1.0,90.0
768,2020,18,2,25,8.0,60.0
769,2020,18,2,46,1.0,95.0
770,2020,18,5,25,9.0,55.0
771,2020,18,5,46,8.0,70.0
772,2020,18,8,25,6.0,70.0
773,2020,18,8,46,10.0,55.0
774,2020,18,11,25,3.0,80.0
775,2020,18,11,46,6.0,70.0
776,2020,18,14,25,2.0,85.0
777,2020,18,14,46,3.0,80.0
778,2020,18,17,25,1.0,85.0
779,2020,18,17,46,1.0,85.0
780,2020,18,20,25,0.0,95.0
781,2020,18,20,46,1.0,85.0
782,2020,18,23,25,1.0,95.0
783,2020,18,23,46,0.0,85.0
784,2020,19,2,25,9.0,65.0
785,2020,19,2,46,3.0,80.0
786,2020,19,5,25,10.0,50.0
787,2020,19,5,46,10.0,50.0
788,2020,19,8,25,6.0,75.0
789,2020,19,8,46,12.0,45.0
790,2020,19,11,25,3.0,80.0
791,2020,19,11,46,10.0,60.0
792,2020,19,14,25,1.0,90.0
793,2020,19,14,46,7.0,75.0
794,2020,19,17,25,1.0,90.0
795,2020,19,17,46,7.0,80.0
796,2020,19,20,25,1.0,85.0
797,2020,19,20,46,7.0,80.0
798,2020,19,23,25,3.0,85.0
799,2020,19,23,46,4.0,80.0
800,2020,20,2,25,9.0,55.0
801,2020,20,2,46,5.0,75.0
802,2020,20,5,25,11.0,50.0
803,2020,20,5,46,9.0,40.0
804,2020,20,8,25,10.0,55.0
805,2020,20,8,46,6.0,45.0
806,2020,20,11,25,7.0,70.0
807,2020,20,11,46,3.0,50.0
808,2020,20,14,25,7.0,85.0
809,2020,20,14,46,1.0,55.0
810,2020,20,17,25,7.0,80.0
811,2020,20,17,46,1.0,60.0
812,2020,20,20,25,4.0,80.0
813,2020,20,20,46,0.0,65.0
814,2020,20,23,25,6.0,75.0
815,2020,20,23,46,-2.0,70.0
816,2020,21,2,25,7.0,55.0
817,2020,21,2,46,2.0,70.0
818,2020,21,5,25,6.0,45.0
819,2020,21,5,46,6.0,40.0
820,2020,21,8,25,3.0,50.0
821,2020,21,8,46,8.0,40.0
822,2020,21,11,25,2.0,55.0
823,2020,21,11,46,5.0,50.0
824,2020,21,14,25,2.0,60.0
825,2020,21,14,46,2.0,75.0
826,2020,21,17,25,0.0,65.0
827,2020,21,17,46,1.0,80.0
828,2020,21,20,25,-2.0,70.0
829,2020,21,20,46,1.0,85.0
830,2020,21,23,25,2.0,70.0
831,2020,21,23,46,1.0,85.0
832,2020,22,2,25,6.0,40.0
833,2020,22,2,46,4.0,85.0
834,2020,22,5,25,8.0,40.0
835,2020,22,5,46,11.0,60.0
836,2020,22,8,25,5.0,50.0
837,2020,22,8,46,13.0,50.0
838,2020,22,11,25,2.0,70.0
839,2020,22,11,46,10.0,65.0
840,2020,22,14,25,1.0,80.0
841,2020,22,14,46,9.0,75.0
842,2020,22,17,25,1.0,85.0
843,2020,22,17,46,8.0,85.0
844,2020,22,20,25,0.0,85.0
845,2020,22,20,46,8.0,90.0
846,2020,22,23,25,4.0,80.0
847,2020,22,23,46,8.0,85.0
848,2020,23,2,25,11.0,60.0
849,2020,23,2,46,7.0,90.0
850,2020,23,5,25,13.0,50.0
851,2020,23,5,46,8.0,95.0
852,2020,23,8,25,10.0,60.0
853,2020,23,8,46,7.0,90.0
854,2020,23,11,25,8.0,75.0
855,2020,23,11,46,7.0,90.0
856,2020,23,14,25,7.0,90.0
857,2020,23,14,46,7.0,85.0
858,2020,23,17,25,7.0,90.0
859,2020,23,17,46,6.0,85.0
860,2020,23,20,25,7.0,85.0
861,2020,23,20,46,4.0,85.0
862,2020,23,23,25,6.0,95.0
863,2020,23,23,46,3.0,85.0
864,2020,24,2,25,5.0,95.0
865,2020,24,2,46,5.0,80.0
866,2020,24,5,25,6.0,90.0
867,2020,24,5,46,9.0,65.0
868,2020,24,8,25,7.0,85.0
869,2020,24,8,46,9.0,55.0
870,2020,24,11,25,6.0,85.0
871,2020,24,11,46,6.0,65.0
872,2020,24,14,25,5.0,85.0
873,2020,24,14,46,4.0,75.0
874,2020,24,17,25,4.0,85.0
875,2020,24,17,46,3.0,80.0
876,2020,24,20,25,3.0,90.0
877,2020,24,20,46,2.0,85.0
878,2020,24,23,25,4.0,85.0
879,2020,24,23,46,1.0,90.0
880,2020,25,2,25,9.0,65.0
881,2020,25,2,46,3.0,80.0
882,2020,25,5,25,9.0,60.0
883,2020,25,5,46,7.0,55.0
884,2020,25,8,25,6.0,65.0
885,2020,25,8,46,9.0,50.0
886,2020,25,11,25,3.0,75.0
887,2020,25,11,46,7.0,60.0
888,2020,25,14,25,3.0,80.0
889,2020,25,14,46,3.0,80.0
890,2020,25,17,25,2.0,85.0
891,2020,25,17,46,1.0,85.0
892,2020,25,20,25,0.0,90.0
893,2020,25,20,46,2.0,80.0
894,2020,25,23,25,3.0,85.0
895,2020,25,23,46,2.0,80.0
896,2020,26,2,25,7.0,55.0
897,2020,26,2,46,3.0,80.0
898,2020,26,5,25,9.0,50.0
899,2020,26,5,46,5.0,75.0
900,2020,26,8,25,7.0,60.0
901,2020,26,8,46,5.0,85.0
902,2020,26,11,25,3.0,75.0
903,2020,26,11,46,5.0,80.0
904,2020,26,14,25,1.0,85.0
905,2020,26,14,46,4.0,85.0
906,2020,26,17,25,1.0,80.0
907,2020,26,17,46,4.0,90.0
908,2020,26,20,25,2.0,80.0
909,2020,26,20,46,4.0,90.0
910,2020,26,23,25,4.0,80.0
911,2020,26,23,46,3.0,90.0
912,2020,27,2,25,5.0,80.0
913,2020,27,2,46,5.0,90.0
914,2020,27,5,25,5.0,85.0
915,2020,27,5,46,8.0,75.0
916,2020,27,8,25,6.0,85.0
917,2020,27,8,46,10.0,65.0
918,2020,27,11,25,5.0,85.0
919,2020,27,11,46,8.0,65.0
920,2020,27,14,25,4.0,85.0
921,2020,27,14,46,4.0,80.0
922,2020,27,17,25,4.0,90.0
923,2020,27,17,46,3.0,85.0
924,2020,27,20,25,2.0,90.0
925,2020,27,20,46,2.0,90.0
926,2020,27,23,25,4.0,90.0
927,2020,27,23,46,1.0,90.0
928,2020,28,2,25,9.0,75.0
929,2020,28,2,46,4.0,85.0
930,2020,28,5,25,10.0,65.0
931,2020,28,5,46,11.0,65.0
932,2020,28,8,25,8.0,70.0
933,2020,28,8,46,11.0,55.0
934,2020,28,11,25,4.0,80.0
935,2020,28,11,46,7.0,65.0
936,2020,28,14,25,3.0,85.0
937,2020,28,14,46,4.0,75.0
938,2020,28,17,25,2.0,90.0
939,2020,28,17,46,4.0,75.0
940,2020,28,20,25,1.0,95.0
941,2020,28,20,46,2.0,80.0
942,2020,28,23,25,3.0,90.0
943,2020,28,23,46,2.0,75.0
944,2020,29,2,25,9.0,65.0
945,2020,29,2,46,3.0,60.0
946,2020,29,5,25,10.0,55.0
947,2020,29,5,46,5.0,50.0
948,2020,29,8,25,6.0,65.0
949,2020,29,8,46,6.0,40.0
950,2020,29,11,25,4.0,80.0
951,2020,29,11,46,4.0,50.0
952,2020,29,14,25,4.0,70.0
953,2020,29,14,46,1.0,70.0
954,2020,29,17,25,3.0,80.0
955,2020,29,17,46,0.0,75.0
956,2020,29,20,25,2.0,65.0
957,2020,29,20,46,-1.0,85.0
958,2020,29,23,25,3.0,55.0
959,2020,29,23,46,-1.0,90.0
960,2020,1,2,25,5.0,45.0
961,2020,1,2,46,2.0,75.0
962,2020,1,5,25,6.0,40.0
963,2020,1,5,46,9.0,45.0
964,2020,1,8,25,4.0,50.0
965,2020,1,8,46,9.0,55.0
966,2020,1,11,25,2.0,70.0
967,2020,1,11,46,6.0,65.0
968,2020,1,14,25,1.0,75.0
969,2020,1,14,46,2.0,80.0
970,2020,1,17,25,0.0,80.0
971,2020,1,17,46,1.0,85.0
972,2020,1,20,25,-1.0,85.0
973,2020,1,20,46,2.0,85.0
974,2020,1,23,25,2.0,75.0
975,2020,1,23,46,1.0,85.0
976,2020,2,2,25,9.0,45.0
977,2020,2,2,46,3.0,75.0
978,2020,2,5,25,9.0,55.0
979,2020,2,5,46,5.0,60.0
980,2020,2,8,25,5.0,70.0
981,2020,2,8,46,4.0,55.0
982,2020,2,11,25,3.0,80.0
983,2020,2,11,46,1.0,60.0
984,2020,2,14,25,1.0,85.0
985,2020,2,14,46,1.0,60.0
986,2020,2,17,25,3.0,85.0
987,2020,2,17,46,1.0,60.0
988,2020,2,20,25,2.0,80.0
989,2020,2,20,46,0.0,65.0
990,2020,2,23,25,4.0,70.0
991,2020,2,23,46,-1.0,70.0
992,2020,3,2,25,4.0,60.0
993,2020,3,2,46,1.0,60.0
994,2020,3,5,25,3.0,55.0
995,2020,3,5,46,4.0,45.0
996,2020,3,8,25,1.0,60.0
997,2020,3,8,46,5.0,45.0
998,2020,3,11,25,1.0,60.0
999,2020,3,11,46,4.0,50.0
1000,2020,3,14,25,1.0,55.0
1001,2020,3,14,46,1.0,70.0
1002,2020,3,17,25,0.0,60.0
1003,2020,3,17,46,-1.0,75.0
1004,2020,3,20,25,-1.0,65.0
1005,2020,3,20,46,-2.0,80.0
1006,2020,3,23,25,1.0,60.0
1007,2020,3,23,46,-3.0,80.0
1008,2020,4,2,25,4.0,45.0
1009,2020,4,2,46,1.0,70.0
1010,2020,4,5,25,5.0,45.0
1011,2020,4,5,46,6.0,50.0
1012,2020,4,8,25,3.0,55.0
1013,2020,4,8,46,7.0,50.0
1014,2020,4,11,25,0.0,70.0
1015,2020,4,11,46,5.0,65.0
1016,2020,4,14,25,-2.0,75.0
1017,2020,4,14,46,2.0,75.0
1018,2020,4,17,25,-2.0,80.0
1019,2020,4,17,46,0.0,85.0
1020,2020,4,20,25,-3.0,85.0
1021,2020,4,20,46,-1.0,85.0
1022,2020,4,23,25,1.0,65.0
1023,2020,4,23,46,-1.0,80.0
1024,2020,5,2,25,5.0,50.0
1025,2020,5,2,46,2.0,75.0
1026,2020,5,5,25,7.0,50.0
1027,2020,5,5,46,8.0,60.0
1028,2020,5,8,25,4.0,65.0
1029,2020,5,8,46,10.0,55.0
1030,2020,5,11,25,1.0,75.0
1031,2020,5,11,46,7.0,65.0
1032,2020,5,14,25,0.0,85.0
1033,2020,5,14,46,4.0,80.0
1034,2020,5,17,25,-1.0,85.0
1035,2020,5,17,46,3.0,90.0
1036,2020,5,20,25,0.0,85.0
1037,2020,5,20,46,2.0,90.0
1038,2020,5,23,25,3.0,70.0
1039,2020,5,23,46,1.0,90.0
1040,2020,6,2,25,9.0,60.0
1041,2020,6,2,46,4.0,80.0
1042,2020,6,5,25,10.0,55.0
1043,2020,6,5,46,12.0,55.0
1044,2020,6,8,25,8.0,65.0
1045,2020,6,8,46,15.0,45.0
1046,2020,6,11,25,5.0,75.0
1047,2020,6,11,46,12.0,60.0
1048,2020,6,14,25,3.0,85.0
1049,2020,6,14,46,6.0,80.0
1050,2020,6,17,25,2.0,90.0
1051,2020,6,17,46,4.0,85.0
1052,2020,6,20,25,1.0,90.0
1053,2020,6,20,46,4.0,80.0
1054,2020,6,23,25,4.0,85.0
1055,2020,6,23,46,3.0,85.0
1056,2020,7,2,25,12.0,50.0
1057,2020,7,2,46,7.0,80.0
1058,2020,7,5,25,15.0,45.0
1059,2020,7,5,46,13.0,55.0
1060,2020,7,8,25,11.0,60.0
1061,2020,7,8,46,14.0,55.0
1062,2020,7,11,25,6.0,70.0
1063,2020,7,11,46,12.0,70.0
1064,2020,7,14,25,5.0,80.0
1065,2020,7,14,46,8.0,75.0
1066,2020,7,17,25,4.0,85.0
1067,2020,7,17,46,7.0,90.0
1068,2020,7,20,25,3.0,85.0
1069,2020,7,20,46,7.0,90.0
1070,2020,7,23,25,6.0,80.0
1071,2020,7,23,46,6.0,90.0
1072,2020,8,2,25,13.0,55.0
1073,2020,8,2,46,6.0,90.0
1074,2020,8,5,25,15.0,55.0
1075,2020,8,5,46,7.0,75.0
1076,2020,8,8,25,10.0,70.0
1077,2020,8,8,46,7.0,80.0
1078,2020,8,11,25,8.0,75.0
1079,2020,8,11,46,6.0,80.0
1080,2020,8,14,25,7.0,90.0
1081,2020,8,14,46,5.0,65.0
1082,2020,8,17,25,7.0,90.0
1083,2020,8,17,46,4.0,65.0
1084,2020,8,20,25,6.0,90.0
1085,2020,8,20,46,3.0,60.0
1086,2020,8,23,25,6.0,90.0
1087,2020,8,23,46,1.0,65.0
1088,2020,9,2,25,6.0,90.0
1089,2020,9,2,46,4.0,50.0
1090,2020,9,5,25,7.0,85.0
1091,2020,9,5,46,6.0,40.0
1092,2020,9,8,25,6.0,75.0
1093,2020,9,8,46,7.0,40.0
1094,2020,9,11,25,5.0,60.0
1095,2020,9,11,46,5.0,45.0
1096,2020,9,14,25,4.0,60.0
1097,2020,9,14,46,1.0,70.0
1098,2020,9,17,25,3.0,60.0
1099,2020,9,17,46,0.0,80.0
1100,2020,9,20,25,1.0,55.0
1101,2020,9,20,46,0.0,85.0
1102,2020,9,23,25,3.0,45.0
1103,2020,9,23,46,0.0,85.0
1104,2020,10,2,25,6.0,35.0
1105,2020,10,2,46,4.0,70.0
1106,2020,10,5,25,7.0,40.0
1107,2020,10,5,46,10.0,40.0
1108,2020,10,8,25,5.0,45.0
1109,2020,10,8,46,12.0,40.0
1110,2020,10,11,25,1.0,70.0
1111,2020,10,11,46,9.0,55.0
1112,2020,10,14,25,0.0,75.0
1113,2020,10,14,46,7.0,70.0
1114,2020,10,17,25,0.0,80.0
1115,2020,10,17,46,6.0,80.0
1116,2020,10,20,25,0.0,85.0
1117,2020,10,20,46,6.0,85.0
1118,2020,10,23,25,4.0,70.0
1119,2020,10,23,46,4.0,75.0
1120,2020,11,2,25,11.0,40.0
1121,2020,11,2,46,3.0,50.0
1122,2020,11,5,25,12.0,35.0
1123,2020,11,5,46,5.0,35.0
1124,2020,11,8,25,9.0,55.0
1125,2020,11,8,46,6.0,30.0
1126,2020,11,11,25,6.0,70.0
1127,2020,11,11,46,4.0,40.0
1128,2020,11,14,25,5.0,80.0
1129,2020,11,14,46,2.0,55.0
1130,2020,11,17,25,5.0,85.0
1131,2020,11,17,46,1.0,60.0
1132,2020,11,20,25,4.0,80.0
1133,2020,11,20,46,0.0,65.0
1134,2020,11,23,25,4.0,55.0
1135,2020,11,23,46,-2.0,70.0
1136,2020,12,2,25,5.0,35.0
1137,2020,12,2,46,3.0,60.0
1138,2020,12,5,25,7.0,35.0
1139,2020,12,5,46,8.0,40.0
1140,2020,12,8,25,4.0,35.0
1141,2020,12,8,46,9.0,40.0
1142,2020,12,11,25,2.0,50.0
1143,2020,12,11,46,7.0,50.0
1144,2020,12,14,25,1.0,55.0
1145,2020,12,14,46,4.0,65.0
1146,2020,12,17,25,-1.0,60.0
1147,2020,12,17,46,3.0,70.0
1148,2020,12,20,25,-1.0,70.0
1149,2020,12,20,46,3.0,75.0
1150,2020,12,23,25,3.0,60.0
1151,2020,12,23,46,2.0,80.0
1152,2020,13,2,25,8.0,35.0
1153,2020,13,2,46,5.0,70.0
1154,2020,13,5,25,9.0,35.0
1155,2020,13,5,46,7.0,40.0
1156,2020,13,8,25,7.0,55.0
1157,2020,13,8,46,7.0,35.0
1158,2020,13,11,25,4.0,65.0
1159,2020,13,11,46,3.0,35.0
1160,2020,13,14,25,3.0,70.0
1161,2020,13,14,46,1.0,40.0
1162,2020,13,17,25,2.0,80.0
1163,2020,13,17,46,0.0,45.0
1164,2020,13,20,25,2.0,80.0
1165,2020,13,20,46,-1.0,55.0
1166,2020,13,23,25,5.0,65.0
1167,2020,13,23,46,-3.0,65.0
1168,2020,14,2,25,7.0,35.0
1169,2020,14,2,46,1.0,60.0
1170,2020,14,5,25,7.0,35.0
1171,2020,14,5,46,5.0,40.0
1172,2020,14,8,25,4.0,35.0
1173,2020,14,8,46,7.0,40.0
1174,2020,14,11,25,2.0,40.0
1175,2020,14,11,46,5.0,45.0
1176,2020,14,14,25,1.0,45.0
1177,2020,14,14,46,1.0,65.0
1178,2020,14,17,25,0.0,55.0
1179,2020,14,17,46,1.0,75.0
1180,2020,14,20,25,-2.0,70.0
1181,2020,14,20,46,2.0,80.0
1182,2020,14,23,25,1.0,65.0
1183,2020,14,23,46,4.0,80.0
1184,2020,15,2,25,6.0,40.0
1185,2020,15,2,46,8.0,70.0
1186,2020,15,5,25,8.0,35.0
1187,2020,15,5,46,11.0,55.0
1188,2020,15,8,25,5.0,40.0
1189,2020,15,8,46,12.0,50.0
1190,2020,15,11,25,1.0,70.0
1191,2020,15,11,46,9.0,60.0
1192,2020,15,14,25,1.0,80.0
1193,2020,15,14,46,6.0,70.0
1194,2020,15,17,25,2.0,80.0
1195,2020,15,17,46,3.0,80.0
1196,2020,15,20,25,4.0,80.0
1197,2020,15,20,46,3.0,80.0
1198,2020,15,23,25,8.0,75.0
1199,2020,15,23,46,1.0,85.0
1200,2020,16,2,25,11.0,60.0
1201,2020,16,2,46,6.0,75.0
1202,2020,16,5,25,12.0,50.0
1203,2020,16,5,46,13.0,35.0
1204,2020,16,8,25,10.0,55.0
1205,2020,16,8,46,15.0,25.0
1206,2020,16,11,25,6.0,75.0
1207,2020,16,11,46,12.0,30.0
1208,2020,16,14,25,4.0,85.0
1209,2020,16,14,46,8.0,55.0
1210,2020,16,17,25,3.0,85.0
1211,2020,16,17,46,9.0,80.0
1212,2020,16,20,25,1.0,90.0
1213,2020,16,20,46,10.0,80.0
1214,2020,16,23,25,6.0,75.0
1215,2020,16,23,46,10.0,75.0
1216,2020,17,2,25,13.0,35.0
1217,2020,17,2,46,8.0,65.0
1218,2020,17,5,25,16.0,25.0
1219,2020,17,5,46,9.0,40.0
1220,2020,17,8,25,14.0,30.0
1221,2020,17,8,46,9.0,35.0
1222,2020,17,11,25,10.0,65.0
1223,2020,17,11,46,7.0,45.0
1224,2020,17,14,25,10.0,80.0
1225,2020,17,14,46,6.0,50.0
1226,2020,17,17,25,10.0,80.0
1227,2020,17,17,46,6.0,60.0
1228,2020,17,20,25,10.0,75.0
1229,2020,17,20,46,5.0,70.0
1230,2020,17,23,25,9.0,60.0
1231,2020,17,23,46,3.0,75.0
1232,2020,18,2,25,9.0,45.0
1233,2020,18,2,46,8.0,60.0
1234,2020,18,5,25,9.0,35.0
1235,2020,18,5,46,13.0,25.0
1236,2020,18,8,25,8.0,45.0
1237,2020,18,8,46,14.0,20.0
1238,2020,18,11,25,6.0,50.0
1239,2020,18,11,46,11.0,35.0
1240,2020,18,14,25,6.0,55.0
1241,2020,18,14,46,8.0,55.0
1242,2020,18,17,25,5.0,70.0
1243,2020,18,17,46,8.0,65.0
1244,2020,18,20,25,4.0,80.0
1245,2020,18,20,46,7.0,70.0
1246,2020,18,23,25,8.0,60.0
1247,2020,18,23,46,7.0,80.0
1248,2020,19,2,25,13.0,25.0
1249,2020,19,2,46,10.0,75.0
1250,2020,19,5,25,14.0,20.0
1251,2020,19,5,46,15.0,60.0
1252,2020,19,8,25,11.0,35.0
1253,2020,19,8,46,17.0,55.0
1254,2020,19,11,25,8.0,55.0
1255,2020,19,11,46,13.0,75.0
1256,2020,19,14,25,8.0,65.0
1257,2020,19,14,46,10.0,80.0
1258,2020,19,17,25,8.0,70.0
1259,2020,19,17,46,8.0,90.0
1260,2020,19,20,25,7.0,85.0
1261,2020,19,20,46,7.0,90.0
1262,2020,19,23,25,10.0,80.0
1263,2020,19,23,46,5.0,80.0
1264,2020,20,2,25,16.0,55.0
1265,2020,20,2,46,7.0,70.0
1266,2020,20,5,25,18.0,50.0
1267,2020,20,5,46,13.0,40.0
1268,2020,20,8,25,13.0,75.0
1269,2020,20,8,46,14.0,30.0
1270,2020,20,11,25,10.0,85.0
1271,2020,20,11,46,11.0,35.0
1272,2020,20,14,25,9.0,95.0
1273,2020,20,14,46,8.0,55.0
1274,2020,20,17,25,7.0,85.0
1275,2020,20,17,46,5.0,60.0
1276,2020,20,20,25,5.0,80.0
1277,2020,20,20,46,3.0,80.0
1278,2020,20,23,25,8.0,65.0
1279,2020,20,23,46,2.0,90.0
1280,2020,21,2,25,12.0,35.0
1281,2020,21,2,46,8.0,70.0
1282,2020,21,5,25,14.0,30.0
1283,2020,21,5,46,13.0,40.0
1284,2020,21,8,25,11.0,40.0
1285,2020,21,8,46,14.0,45.0
1286,2020,21,11,25,7.0,55.0
1287,2020,21,11,46,11.0,55.0
1288,2020,21,14,25,5.0,60.0
1289,2020,21,14,46,7.0,70.0
1290,2020,21,17,25,3.0,85.0
1291,2020,21,17,46,6.0,75.0
1292,2020,21,20,25,3.0,85.0
1293,2020,21,20,46,4.0,85.0
1294,2020,21,23,25,7.0,70.0
1295,2020,21,23,46,3.0,85.0
1296,2020,22,2,25,13.0,45.0
1297,2020,22,2,46,7.0,75.0
1298,2020,22,5,25,14.0,45.0
1299,2020,22,5,46,14.0,40.0
1300,2020,22,8,25,11.0,55.0
1301,2020,22,8,46,16.0,35.0
1302,2020,22,11,25,7.0,75.0
1303,2020,22,11,46,12.0,50.0
1304,2020,22,14,25,6.0,75.0
1305,2020,22,14,46,7.0,65.0
1306,2020,22,17,25,4.0,85.0
1307,2020,22,17,46,5.0,80.0
1308,2020,22,20,25,4.0,80.0
1309,2020,22,20,46,4.0,75.0
1310,2020,22,23,25,7.0,70.0
1311,2020,22,23,46,3.0,80.0
1312,2020,23,2,25,14.0,40.0
1313,2020,23,2,46,9.0,65.0
1314,2020,23,5,25,16.0,35.0
1315,2020,23,5,46,16.0,45.0
1316,2020,23,8,25,12.0,50.0
1317,2020,23,8,46,17.0,40.0
1318,2020,23,11,25,7.0,60.0
1319,2020,23,11,46,14.0,50.0
1320,2020,23,14,25,6.0,80.0
1321,2020,23,14,46,10.0,70.0
1322,2020,23,17,25,4.0,75.0
1323,2020,23,17,46,8.0,75.0
1324,2020,23,20,25,3.0,80.0
1325,2020,23,20,46,7.0,80.0
1326,2020,23,23,25,9.0,65.0
1327,2020,23,23,46,7.0,85.0
1328,2020,24,2,25,16.0,40.0
1329,2020,24,2,46,13.0,70.0
1330,2020,24,5,25,18.0,40.0
1331,2020,24,5,46,19.0,45.0
1332,2020,24,8,25,14.0,55.0
1333,2020,24,8,46,17.0,65.0
1334,2020,24,11,25,10.0,70.0
1335,2020,24,11,46,15.0,70.0
1336,2020,24,14,25,8.0,75.0
1337,2020,24,14,46,14.0,80.0
1338,2020,24,17,25,7.0,85.0
1339,2020,24,17,46,14.0,85.0
1340,2020,24,20,25,7.0,80.0
1341,2020,24,20,46,12.0,90.0
1342,2020,24,23,25,13.0,60.0
1343,2020,24,23,46,11.0,90.0
1344,2020,25,2,25,18.0,45.0
1345,2020,25,2,46,9.0,85.0
1346,2020,25,5,25,17.0,70.0
1347,2020,25,5,46,9.0,70.0
1348,2020,25,8,25,15.0,80.0
1349,2020,25,8,46,11.0,40.0
1350,2020,25,11,25,15.0,85.0
1351,2020,25,11,46,10.0,50.0
1352,2020,25,14,25,13.0,90.0
1353,2020,25,14,46,8.0,55.0
1354,2020,25,17,25,12.0,90.0
1355,2020,25,17,46,6.0,50.0
1356,2020,25,20,25,10.0,90.0
1357,2020,25,20,46,5.0,50.0
1358,2020,25,23,25,8.0,75.0
1359,2020,25,23,46,4.0,45.0
1360,2020,26,2,25,10.0,50.0
1361,2020,26,2,46,7.0,40.0
1362,2020,26,5,25,12.0,35.0
1363,2020,26,5,46,11.0,30.0
1364,2020,26,8,25,10.0,45.0
1365,2020,26,8,46,11.0,25.0
1366,2020,26,11,25,7.0,50.0
1367,2020,26,11,46,8.0,40.0
1368,2020,26,14,25,6.0,45.0
1369,2020,26,14,46,5.0,55.0
1370,2020,26,17,25,5.0,45.0
1371,2020,26,17,46,4.0,60.0
1372,2020,26,20,25,4.0,40.0
1373,2020,26,20,46,2.0,65.0
1374,2020,26,23,25,6.0,35.0
1375,2020,26,23,46,0.0,75.0
1376,2020,27,2,25,9.0,25.0
1377,2020,27,2,46,5.0,55.0
1378,2020,27,5,25,10.0,25.0
1379,2020,27,5,46,11.0,35.0
1380,2020,27,8,25,8.0,35.0
1381,2020,27,8,46,12.0,35.0
1382,2020,27,11,25,6.0,55.0
1383,2020,27,11,46,8.0,45.0
1384,2020,27,14,25,4.0,55.0
1385,2020,27,14,46,5.0,70.0
1386,2020,27,17,25,3.0,65.0
1387,2020,27,17,46,4.0,75.0
1388,2020,27,20,25,1.0,75.0
1389,2020,27,20,46,2.0,85.0
1390,2020,27,23,25,5.0,55.0
1391,2020,27,23,46,1.0,85.0
1392,2020,28,2,25,11.0,35.0
1393,2020,28,2,46,7.0,70.0
1394,2020,28,5,25,13.0,35.0
1395,2020,28,5,46,13.0,35.0
1396,2020,28,8,25,9.0,50.0
1397,2020,28,8,46,14.0,35.0
1398,2020,28,11,25,6.0,70.0
1399,2020,28,11,46,10.0,55.0
1400,2020,28,14,25,4.0,80.0
1401,2020,28,14,46,6.0,70.0
1402,2020,28,17,25,3.0,80.0
1403,2020,28,17,46,6.0,75.0
1404,2020,28,20,25,1.0,85.0
1405,2020,28,20,46,4.0,80.0
1406,2020,28,23,25,6.0,70.0
1407,2020,28,23,46,3.0,80.0
1408,2020,29,2,25,12.0,35.0
1409,2020,29,2,46,8.0,60.0
1410,2020,29,5,25,14.0,35.0
1411,2020,29,5,46,14.0,40.0
1412,2020,29,8,25,10.0,45.0
1413,2020,29,8,46,16.0,40.0
1414,2020,29,11,25,6.0,70.0
1415,2020,29,11,46,12.0,40.0
1416,2020,29,14,25,4.0,75.0
1417,2020,29,14,46,8.0,60.0
1418,2020,29,17,25,4.0,80.0
1419,2020,29,17,46,7.0,70.0
1420,2020,29,20,25,2.0,85.0
1421,2020,29,20,46,7.0,75.0
1422,2020,29,23,25,7.0,65.0
1423,2020,29,23,46,6.0,75.0
1424,2020,30,2,25,14.0,45.0
1425,2020,30,2,46,9.0,55.0
1426,2020,30,5,25,15.0,40.0
1427,2020,30,5,46,13.0,50.0
1428,2020,30,8,25,12.0,40.0
1429,2020,30,8,46,14.0,50.0
1430,2020,30,11,25,8.0,60.0
1431,2020,30,11,46,10.0,40.0
1432,2020,30,14,25,7.0,70.0
1433,2020,30,14,46,8.0,55.0
1434,2020,30,17,25,7.0,75.0
1435,2020,30,17,46,8.0,55.0
1436,2020,30,20,25,7.0,70.0
1437,2020,30,20,46,5.0,80.0
1438,2020,30,23,25,9.0,55.0
1439,2020,30,23,46,4.0,80.0
1440,2020,31,2,25,13.0,55.0
1441,2020,31,2,46,9.0,60.0
1442,2020,31,5,25,15.0,40.0
1443,2020,31,5,46,13.0,30.0
1444,2020,31,8,25,10.0,40.0
1445,2020,31,8,46,15.0,20.0
1446,2020,31,11,25,9.0,50.0
1447,2020,31,11,46,11.0,35.0
1448,2020,31,14,25,6.0,70.0
1449,2020,31,14,46,7.0,60.0
1450,2020,31,17,25,5.0,80.0
1451,2020,31,17,46,5.0,75.0
1452,2020,31,20,25,4.0,80.0
1453,2020,31,20,46,4.0,85.0
1454,2020,31,23,25,8.0,65.0
1455,2020,31,23,46,3.0,85.0
1456,2020,1,2,25,14.0,35.0
1457,2020,1,2,46,9.0,70.0
1458,2020,1,5,25,15.0,25.0
1459,2020,1,5,46,14.0,35.0
1460,2020,1,8,25,11.0,35.0
1461,2020,1,8,46,15.0,30.0
1462,2020,1,11,25,8.0,60.0
1463,2020,1,11,46,12.0,40.0
1464,2020,1,14,25,6.0,75.0
1465,2020,1,14,46,8.0,70.0
1466,2020,1,17,25,4.0,85.0
1467,2020,1,17,46,7.0,70.0
1468,2020,1,20,25,3.0,85.0
1469,2020,1,20,46,7.0,75.0
1470,2020,1,23,25,9.0,65.0
1471,2020,1,23,46,6.0,80.0
1472,2020,2,2,25,14.0,30.0
1473,2020,2,2,46,9.0,45.0
1474,2020,2,5,25,15.0,25.0
1475,2020,2,5,46,10.0,25.0
1476,2020,2,8,25,12.0,35.0
1477,2020,2,8,46,10.0,20.0
1478,2020,2,11,25,7.0,65.0
1479,2020,2,11,46,8.0,30.0
1480,2020,2,14,25,7.0,70.0
1481,2020,2,14,46,6.0,40.0
1482,2020,2,17,25,7.0,75.0
1483,2020,2,17,46,4.0,45.0
1484,2020,2,20,25,6.0,80.0
1485,2020,2,20,46,4.0,45.0
1486,2020,2,23,25,9.0,45.0
1487,2020,2,23,46,2.0,50.0
1488,2020,3,2,25,10.0,25.0
1489,2020,3,2,46,5.0,35.0
1490,2020,3,5,25,11.0,20.0
1491,2020,3,5,46,9.0,30.0
1492,2020,3,8,25,9.0,25.0
1493,2020,3,8,46,11.0,25.0
1494,2020,3,11,25,6.0,35.0
1495,2020,3,11,46,9.0,40.0
1496,2020,3,14,25,5.0,40.0
1497,2020,3,14,46,6.0,50.0
1498,2020,3,17,25,4.0,45.0
1499,2020,3,17,46,5.0,60.0
1500,2020,3,20,25,2.0,50.0
1501,2020,3,20,46,3.0,70.0
1502,2020,3,23,25,6.0,35.0
1503,2020,3,23,46,2.0,80.0
1504,2020,4,2,25,9.0,25.0
1505,2020,4,2,46,8.0,55.0
1506,2020,4,5,25,11.0,25.0
1507,2020,4,5,46,14.0,30.0
1508,2020,4,8,25,9.0,40.0
1509,2020,4,8,46,15.0,25.0
1510,2020,4,11,25,6.0,55.0
1511,2020,4,11,46,12.0,35.0
1512,2020,4,14,25,5.0,65.0
1513,2020,4,14,46,8.0,65.0
1514,2020,4,17,25,3.0,70.0
1515,2020,4,17,46,6.0,75.0
1516,2020,4,20,25,2.0,80.0
1517,2020,4,20,46,5.0,80.0
1518,2020,4,23,25,9.0,60.0
1519,2020,4,23,46,4.0,85.0
1520,2020,5,2,25,13.0,40.0
1521,2020,5,2,46,10.0,60.0
1522,2020,5,5,25,15.0,25.0
1523,2020,5,5,46,15.0,40.0
1524,2020,5,8,25,12.0,35.0
1525,2020,5,8,46,16.0,45.0
1526,2020,5,11,25,8.0,60.0
1527,2020,5,11,46,13.0,50.0
1528,2020,5,14,25,7.0,75.0
1529,2020,5,14,46,9.0,65.0
1530,2020,5,17,25,6.0,80.0
1531,2020,5,17,46,8.0,60.0
1532,2020,5,20,25,5.0,85.0
1533,2020,5,20,46,7.0,65.0
1534,2020,5,23,25,10.0,70.0
1535,2020,5,23,46,5.0,65.0
1536,2020,6,2,25,15.0,45.0
1537,2020,6,2,46,9.0,40.0
1538,2020,6,5,25,16.0,45.0
1539,2020,6,5,46,13.0,25.0
1540,2020,6,8,25,13.0,45.0
1541,2020,6,8,46,13.0,20.0
1542,2020,6,11,25,9.0,50.0
1543,2020,6,11,46,10.0,35.0
1544,2020,6,14,25,7.0,55.0
1545,2020,6,14,46,7.0,50.0
1546,2020,6,17,25,6.0,55.0
1547,2020,6,17,46,6.0,60.0
1548,2020,6,20,25,5.0,55.0
1549,2020,6,20,46,6.0,65.0
1550,2020,6,23,25,9.0,35.0
1551,2020,6,23,46,5.0,70.0
1552,2020,7,2,25,12.0,25.0
1553,2020,7,2,46,9.0,50.0
1554,2020,7,5,25,13.0,20.0
1555,2020,7,5,46,12.0,35.0
1556,2020,7,8,25,10.0,35.0
1557,2020,7,8,46,13.0,30.0
1558,2020,7,11,25,7.0,55.0
1559,2020,7,11,46,10.0,40.0
1560,2020,7,14,25,6.0,60.0
1561,2020,7,14,46,7.0,60.0
1562,2020,7,17,25,6.0,65.0
1563,2020,7,17,46,5.0,75.0
1564,2020,7,20,25,4.0,75.0
1565,2020,7,20,46,5.0,80.0
1566,2020,7,23,25,9.0,50.0
1567,2020,7,23,46,3.0,85.0
1568,2020,8,2,25,12.0,35.0
1569,2020,8,2,46,9.0,60.0
1570,2020,8,5,25,12.0,35.0
1571,2020,8,5,46,13.0,35.0
1572,2020,8,8,25,10.0,40.0
1573,2020,8,8,46,12.0,45.0
1574,2020,8,11,25,7.0,65.0
1575,2020,8,11,46,10.0,45.0
1576,2020,8,14,25,6.0,75.0
1577,2020,8,14,46,6.0,70.0
1578,2020,8,17,25,5.0,80.0
1579,2020,8,17,46,5.0,85.0
1580,2020,8,20,25,3.0,85.0
1581,2020,8,20,46,5.0,85.0
1582,2020,8,23,25,9.0,60.0
1583,2020,8,23,46,4.0,90.0
1584,2020,9,2,25,13.0,40.0
1585,2020,9,2,46,9.0,65.0
1586,2020,9,5,25,13.0,45.0
1587,2020,9,5,46,14.0,40.0
1588,2020,9,8,25,10.0,50.0
1589,2020,9,8,46,14.0,45.0
1590,2020,9,11,25,7.0,70.0
1591,2020,9,11,46,12.0,45.0
1592,2020,9,14,25,6.0,80.0
1593,2020,9,14,46,8.0,60.0
1594,2020,9,17,25,6.0,85.0
1595,2020,9,17,46,6.0,70.0
1596,2020,9,20,25,5.0,90.0
1597,2020,9,20,46,5.0,75.0
1598,2020,9,23,25,8.0,70.0
1599,2020,9,23,46,4.0,80.0
1600,2020,10,2,25,13.0,45.0
1601,2020,10,2,46,9.0,55.0
1602,2020,10,5,25,13.0,45.0
1603,2020,10,5,46,16.0,40.0
1604,2020,10,8,25,11.0,45.0
1605,2020,10,8,46,14.0,50.0
1606,2020,10,11,25,7.0,65.0
1607,2020,10,11,46,13.0,35.0
1608,2020,10,14,25,6.0,75.0
1609,2020,10,14,46,8.0,50.0
1610,2020,10,17,25,5.0,80.0
1611,2020,10,17,46,6.0,60.0
1612,2020,10,20,25,3.0,90.0
1613,2020,10,20,46,5.0,70.0
1614,2020,10,23,25,9.0,65.0
1615,2020,10,23,46,4.0,70.0
1616,2020,11,2,25,16.0,35.0
1617,2020,11,2,46,8.0,45.0
1618,2020,11,5,25,14.0,45.0
1619,2020,11,5,46,12.0,35.0
1620,2020,11,8,25,13.0,35.0
1621,2020,11,8,46,15.0,35.0
1622,2020,11,11,25,9.0,55.0
1623,2020,11,11,46,12.0,45.0
1624,2020,11,14,25,6.0,65.0
1625,2020,11,14,46,9.0,60.0
1626,2020,11,17,25,5.0,70.0
1627,2020,11,17,46,6.0,80.0
1628,2020,11,20,25,4.0,70.0
1629,2020,11,20,46,5.0,80.0
1630,2020,11,23,25,8.0,50.0
1631,2020,11,23,46,4.0,85.0
1632,2020,12,2,25,13.0,30.0
1633,2020,12,2,46,11.0,60.0
1634,2020,12,5,25,15.0,35.0
1635,2020,12,5,46,18.0,25.0
1636,2020,12,8,25,14.0,45.0
1637,2020,12,8,46,18.0,25.0
1638,2020,12,11,25,10.0,60.0
1639,2020,12,11,46,15.0,30.0
1640,2020,12,14,25,7.0,75.0
1641,2020,12,14,46,9.0,55.0
1642,2020,12,17,25,5.0,85.0
1643,2020,12,17,46,7.0,70.0
1644,2020,12,20,25,4.0,90.0
1645,2020,12,20,46,6.0,80.0
1646,2020,12,23,25,11.0,60.0
1647,2020,12,23,46,5.0,85.0
1648,2020,13,2,25,17.0,25.0
1649,2020,13,2,46,11.0,65.0
1650,2020,13,5,25,18.0,20.0
1651,2020,13,5,46,17.0,40.0
1652,2020,13,8,25,15.0,25.0
1653,2020,13,8,46,19.0,30.0
1654,2020,13,11,25,9.0,55.0
1655,2020,13,11,46,15.0,40.0
1656,2020,13,14,25,7.0,70.0
1657,2020,13,14,46,10.0,65.0
1658,2020,13,17,25,5.0,80.0
1659,2020,13,17,46,8.0,80.0
1660,2020,13,20,25,4.0,80.0
1661,2020,13,20,46,6.0,80.0
1662,2020,13,23,25,12.0,55.0
1663,2020,13,23,46,5.0,80.0
1664,2020,14,2,25,18.0,25.0
1665,2020,14,2,46,13.0,55.0
1666,2020,14,5,25,19.0,30.0
1667,2020,14,5,46,20.0,30.0
1668,2020,14,8,25,16.0,35.0
1669,2020,14,8,46,22.0,20.0
1670,2020,14,11,25,10.0,65.0
1671,2020,14,11,46,18.0,40.0
1672,2020,14,14,25,7.0,75.0
1673,2020,14,14,46,13.0,55.0
1674,2020,14,17,25,6.0,80.0
1675,2020,14,17,46,13.0,55.0
1676,2020,14,20,25,5.0,85.0
1677,2020,14,20,46,11.0,65.0
1678,2020,14,23,25,13.0,55.0
1679,2020,14,23,46,9.0,75.0
1680,2020,15,2,25,20.0,30.0
1681,2020,15,2,46,11.0,75.0
1682,2020,15,5,25,22.0,20.0
1683,2020,15,5,46,13.0,75.0
1684,2020,15,8,25,18.0,40.0
1685,2020,15,8,46,16.0,65.0
1686,2020,15,11,25,14.0,55.0
1687,2020,15,11,46,15.0,70.0
1688,2020,15,14,25,13.0,50.0
1689,2020,15,14,46,12.0,80.0
1690,2020,15,17,25,11.0,65.0
1691,2020,15,17,46,10.0,85.0
1692,2020,15,20,25,9.0,75.0
1693,2020,15,20,46,9.0,85.0
1694,2020,15,23,25,11.0,75.0
1695,2020,15,23,46,9.0,80.0
1696,2020,16,2,25,15.0,65.0
1697,2020,16,2,46,11.0,70.0
1698,2020,16,5,25,16.0,65.0
1699,2020,16,5,46,15.0,55.0
1700,2020,16,8,25,15.0,60.0
1701,2020,16,8,46,16.0,50.0
1702,2020,16,11,25,11.0,85.0
1703,2020,16,11,46,14.0,60.0
1704,2020,16,14,25,9.0,85.0
1705,2020,16,14,46,10.0,80.0
1706,2020,16,17,25,9.0,85.0
1707,2020,16,17,46,9.0,85.0
1708,2020,16,20,25,9.0,90.0
1709,2020,16,20,46,8.0,85.0
1710,2020,16,23,25,12.0,75.0
1711,2020,16,23,46,8.0,80.0
1712,2020,17,2,25,15.0,55.0
1713,2020,17,2,46,13.0,60.0
1714,2020,17,5,25,16.0,55.0
1715,2020,17,5,46,16.0,50.0
1716,2020,17,8,25,15.0,55.0
1717,2020,17,8,46,16.0,45.0
1718,2020,17,11,25,10.0,75.0
1719,2020,17,11,46,13.0,65.0
1720,2020,17,14,25,9.0,80.0
1721,2020,17,14,46,11.0,80.0
1722,2020,17,17,25,8.0,85.0
1723,2020,17,17,46,10.0,85.0
1724,2020,17,20,25,8.0,80.0
1725,2020,17,20,46,9.0,85.0
1726,2020,17,23,25,13.0,60.0
1727,2020,17,23,46,8.0,90.0
1728,2020,18,2,25,16.0,50.0
1729,2020,18,2,46,11.0,75.0
1730,2020,18,5,25,16.0,45.0
1731,2020,18,5,46,14.0,60.0
1732,2020,18,8,25,12.0,85.0
1733,2020,18,8,46,15.0,55.0
1734,2020,18,11,25,11.0,85.0
1735,2020,18,11,46,13.0,65.0
1736,2020,18,14,25,9.0,85.0
1737,2020,18,14,46,11.0,75.0
1738,2020,18,17,25,9.0,85.0
1739,2020,18,17,46,9.0,80.0
1740,2020,18,20,25,8.0,90.0
1741,2020,18,20,46,8.0,75.0
1742,2020,18,23,25,11.0,75.0
1743,2020,18,23,46,6.0,70.0
1744,2020,19,2,25,15.0,60.0
1745,2020,19,2,46,10.0,55.0
1746,2020,19,5,25,14.0,55.0
1747,2020,19,5,46,12.0,45.0
1748,2020,19,8,25,12.0,75.0
1749,2020,19,8,46,11.0,30.0
1750,2020,19,11,25,10.0,75.0
1751,2020,19,11,46,8.0,35.0
1752,2020,19,14,25,9.0,75.0
1753,2020,19,14,46,7.0,40.0
1754,2020,19,17,25,8.0,75.0
1755,2020,19,17,46,6.0,45.0
1756,2020,19,20,25,7.0,70.0
1757,2020,19,20,46,7.0,45.0
1758,2020,19,23,25,10.0,35.0
1759,2020,19,23,46,5.0,50.0
1760,2020,20,2,25,11.0,30.0
1761,2020,20,2,46,8.0,35.0
1762,2020,20,5,25,10.0,30.0
1763,2020,20,5,46,10.0,30.0
1764,2020,20,8,25,8.0,35.0
1765,2020,20,8,46,10.0,35.0
1766,2020,20,11,25,6.0,35.0
1767,2020,20,11,46,8.0,45.0
1768,2020,20,14,25,6.0,40.0
1769,2020,20,14,46,7.0,50.0
1770,2020,20,17,25,7.0,45.0
1771,2020,20,17,46,6.0,60.0
1772,2020,20,20,25,5.0,50.0
1773,2020,20,20,46,6.0,60.0
1774,2020,20,23,25,8.0,35.0
1775,2020,20,23,46,6.0,60.0
1776,2020,21,2,25,10.0,35.0
1777,2020,21,2,46,9.0,50.0
1778,2020,21,5,25,9.0,35.0
1779,2020,21,5,46,12.0,35.0
1780,2020,21,8,25,7.0,45.0
1781,2020,21,8,46,13.0,35.0
1782,2020,21,11,25,6.0,50.0
1783,2020,21,11,46,10.0,45.0
1784,2020,21,14,25,6.0,60.0
1785,2020,21,14,46,7.0,50.0
1786,2020,21,17,25,6.0,65.0
1787,2020,21,17,46,6.0,60.0
1788,2020,21,20,25,6.0,65.0
1789,2020,21,20,46,6.0,60.0
1790,2020,21,23,25,10.0,50.0
1791,2020,21,23,46,5.0,70.0
1792,2020,22,2,25,12.0,40.0
1793,2020,22,2,46,11.0,45.0
1794,2020,22,5,25,13.0,35.0
1795,2020,22,5,46,15.0,25.0
1796,2020,22,8,25,9.0,45.0
1797,2020,22,8,46,15.0,30.0
1798,2020,22,11,25,6.0,55.0
1799,2020,22,11,46,13.0,40.0
1800,2020,22,14,25,6.0,60.0
1801,2020,22,14,46,10.0,55.0
1802,2020,22,17,25,6.0,65.0
1803,2020,22,17,46,10.0,55.0
1804,2020,22,20,25,5.0,75.0
1805,2020,22,20,46,10.0,55.0
1806,2020,22,23,25,11.0,40.0
1807,2020,22,23,46,10.0,60.0
1808,2020,23,2,25,14.0,30.0
1809,2020,23,2,46,14.0,55.0
1810,2020,23,5,25,15.0,30.0
1811,2020,23,5,46,17.0,45.0
1812,2020,23,8,25,13.0,40.0
1813,2020,23,8,46,17.0,40.0
1814,2020,23,11,25,10.0,55.0
1815,2020,23,11,46,13.0,55.0
1816,2020,23,14,25,10.0,55.0
1817,2020,23,14,46,9.0,70.0
1818,2020,23,17,25,10.0,55.0
1819,2020,23,17,46,9.0,70.0
1820,2020,23,20,25,11.0,60.0
1821,2020,23,20,46,8.0,70.0
1822,2020,23,23,25,14.0,60.0
1823,2020,23,23,46,7.0,75.0
1824,2020,24,2,25,16.0,50.0
1825,2020,24,2,46,12.0,50.0
1826,2020,24,5,25,16.0,40.0
1827,2020,24,5,46,16.0,30.0
1828,2020,24,8,25,12.0,60.0
1829,2020,24,8,46,17.0,20.0
1830,2020,24,11,25,10.0,65.0
1831,2020,24,11,46,15.0,30.0
1832,2020,24,14,25,9.0,65.0
1833,2020,24,14,46,9.0,50.0
1834,2020,24,17,25,8.0,70.0
1835,2020,24,17,46,7.0,65.0
1836,2020,24,20,25,7.0,75.0
1837,2020,24,20,46,6.0,75.0
1838,2020,24,23,25,12.0,50.0
1839,2020,24,23,46,5.0,80.0
1840,2020,25,2,25,16.0,25.0
1841,2020,25,2,46,12.0,60.0
1842,2020,25,5,25,17.0,20.0
1843,2020,25,5,46,16.0,40.0
1844,2020,25,8,25,15.0,25.0
1845,2020,25,8,46,16.0,30.0
1846,2020,25,11,25,9.0,55.0
1847,2020,25,11,46,14.0,35.0
1848,2020,25,14,25,7.0,70.0
1849,2020,25,14,46,10.0,50.0
1850,2020,25,17,25,6.0,80.0
1851,2020,25,17,46,9.0,60.0
1852,2020,25,20,25,5.0,80.0
1853,2020,25,20,46,7.0,75.0
1854,2020,25,23,25,12.0,60.0
1855,2020,25,23,46,5.0,80.0
1856,2020,26,2,25,15.0,35.0
1857,2020,26,2,46,13.0,50.0
1858,2020,26,5,25,16.0,30.0
1859,2020,26,5,46,18.0,30.0
1860,2020,26,8,25,14.0,30.0
1861,2020,26,8,46,18.0,30.0
1862,2020,26,11,25,10.0,45.0
1863,2020,26,11,46,15.0,45.0
1864,2020,26,14,25,8.0,60.0
1865,2020,26,14,46,11.0,70.0
1866,2020,26,17,25,7.0,75.0
1867,2020,26,17,46,10.0,75.0
1868,2020,26,20,25,6.0,75.0
1869,2020,26,20,46,9.0,75.0
1870,2020,26,23,25,13.0,50.0
1871,2020,26,23,46,9.0,75.0
1872,2020,27,2,25,18.0,30.0
1873,2020,27,2,46,15.0,45.0
1874,2020,27,5,25,19.0,30.0
1875,2020,27,5,46,20.0,30.0
1876,2020,27,8,25,16.0,50.0
1877,2020,27,8,46,20.0,25.0
1878,2020,27,11,25,11.0,70.0
1879,2020,27,11,46,18.0,30.0
1880,2020,27,14,25,10.0,80.0
1881,2020,27,14,46,12.0,50.0
1882,2020,27,17,25,9.0,80.0
1883,2020,27,17,46,10.0,60.0
1884,2020,27,20,25,8.0,75.0
1885,2020,27,20,46,9.0,70.0
1886,2020,27,23,25,16.0,45.0
1887,2020,27,23,46,9.0,80.0
1888,2020,28,2,25,19.0,30.0
1889,2020,28,2,46,16.0,55.0
1890,2020,28,5,25,20.0,25.0
1891,2020,28,5,46,20.0,45.0
1892,2020,28,8,25,18.0,30.0
1893,2020,28,8,46,21.0,60.0
1894,2020,28,11,25,12.0,45.0
1895,2020,28,11,46,19.0,70.0
1896,2020,28,14,25,10.0,55.0
1897,2020,28,14,46,16.0,75.0
1898,2020,28,17,25,9.0,70.0
1899,2020,28,17,46,16.0,80.0
1900,2020,28,20,25,9.0,75.0
1901,2020,28,20,46,16.0,85.0
1902,2020,28,23,25,17.0,50.0
1903,2020,28,23,46,15.0,85.0
1904,2020,29,2,25,21.0,50.0
1905,2020,29,2,46,19.0,70.0
1906,2020,29,5,25,22.0,55.0
1907,2020,29,5,46,23.0,60.0
1908,2020,29,8,25,19.0,70.0
1909,2020,29,8,46,24.0,60.0
1910,2020,29,11,25,17.0,80.0
1911,2020,29,11,46,20.0,70.0
1912,2020,29,14,25,16.0,85.0
1913,2020,29,14,46,17.0,80.0
1914,2020,29,17,25,15.0,85.0
1915,2020,29,17,46,16.0,80.0
1916,2020,29,20,25,15.0,85.0
1917,2020,29,20,46,16.0,85.0
1918,2020,29,23,25,19.0,70.0
1919,2020,29,23,46,16.0,85.0
1920,2020,30,2,25,23.0,55.0
1921,2020,30,2,46,18.0,75.0
1922,2020,30,5,25,24.0,55.0
1923,2020,30,5,46,23.0,60.0
1924,2020,30,8,25,21.0,70.0
1925,2020,30,8,46,24.0,50.0
1926,2020,30,11,25,18.0,80.0
1927,2020,30,11,46,21.0,60.0
1928,2020,30,14,25,17.0,85.0
1929,2020,30,14,46,17.0,70.0
1930,2020,30,17,25,16.0,85.0
1931,2020,30,17,46,16.0,85.0
1932,2020,30,20,25,16.0,85.0
1933,2020,30,20,46,16.0,85.0
1934,2020,30,23,25,19.0,75.0
1935,2020,30,23,46,16.0,85.0
