,year,month,day,hour,forecast,temp,hum
0,2020,1,1,11,25,4,75
1,2020,1,1,11,46,-1,90
2,2020,1,1,14,25,6,65
3,2020,1,1,14,46,4,65
4,2020,1,1,17,25,3,70
5,2020,1,1,17,46,5,60
6,2020,1,1,20,25,2,70
7,2020,1,1,20,46,2,75
8,2020,1,1,23,25,1,80
9,2020,1,1,23,46,0,80
10,2020,1,1,2,25,-1,85
11,2020,1,1,2,46,0,85
12,2020,1,1,5,25,-2,90
13,2020,1,1,5,46,0,90
14,2020,1,1,8,25,-1,85
15,2020,1,1,8,46,0,85
16,2020,1,2,11,25,4,65
17,2020,1,2,11,46,1,80
18,2020,1,2,14,25,6,60
19,2020,1,2,14,46,6,65
20,2020,1,2,17,25,2,75
21,2020,1,2,17,46,7,60
22,2020,1,2,20,25,0,80
23,2020,1,2,20,46,3,70
24,2020,1,2,23,25,-1,85
25,2020,1,2,23,46,2,70
26,2020,1,2,2,25,-2,85
27,2020,1,2,2,46,-1,70
28,2020,1,2,5,25,-3,85
29,2020,1,2,5,46,-2,80
30,2020,1,2,8,25,-2,85
31,2020,1,2,8,46,-4,85
32,2020,1,3,11,25,6,60
33,2020,1,3,11,46,-2,85
34,2020,1,3,14,25,7,60
35,2020,1,3,14,46,4,55
36,2020,1,3,17,25,3,70
37,2020,1,3,17,46,4,45
38,2020,1,3,20,25,1,65
39,2020,1,3,20,46,2,65
40,2020,1,3,23,25,-1,70
41,2020,1,3,23,46,1,70
42,2020,1,3,2,25,-2,80
43,2020,1,3,2,46,-1,80
44,2020,1,3,5,25,-4,80
45,2020,1,3,5,46,0,75
46,2020,1,3,8,25,-2,80
47,2020,1,3,8,46,0,75
48,2020,1,4,11,25,4,55
49,2020,1,4,11,46,1,65
50,2020,1,4,14,25,5,50
51,2020,1,4,14,46,2,75
52,2020,1,4,17,25,2,60
53,2020,1,4,17,46,3,70
54,2020,1,4,20,25,0,70
55,2020,1,4,20,46,3,85
56,2020,1,4,23,25,-1,75
57,2020,1,4,23,46,4,85
58,2020,1,4,2,25,0,70
59,2020,1,4,2,46,4,90
60,2020,1,4,5,25,0,70
61,2020,1,4,5,46,6,85
62,2020,1,4,8,25,1,65
63,2020,1,4,8,46,6,90
64,2020,1,5,11,25,3,70
65,2020,1,5,11,46,5,90
66,2020,1,5,14,25,3,75
67,2020,1,5,14,46,6,90
68,2020,1,5,17,25,4,70
69,2020,1,5,17,46,7,95
70,2020,1,5,20,25,5,80
71,2020,1,5,20,46,7,90
72,2020,1,5,23,25,5,85
73,2020,1,5,23,46,11,80
74,2020,1,5,2,25,6,85
75,2020,1,5,2,46,12,85
76,2020,1,5,5,25,6,90
77,2020,1,5,5,46,7,80
78,2020,1,5,8,25,6,95
79,2020,1,5,8,46,6,80
80,2020,1,6,11,25,6,95
81,2020,1,6,11,46,4,85
82,2020,1,6,14,25,7,90
83,2020,1,6,14,46,3,80
84,2020,1,6,17,25,7,85
85,2020,1,6,17,46,3,75
86,2020,1,6,20,25,9,85
87,2020,1,6,20,46,1,75
88,2020,1,6,23,25,8,90
89,2020,1,6,23,46,0,70
90,2020,1,6,2,25,6,85
91,2020,1,6,2,46,-1,75
92,2020,1,6,5,25,5,85
93,2020,1,6,5,46,-1,70
94,2020,1,6,8,25,4,85
95,2020,1,6,8,46,-2,75
96,2020,1,7,11,25,3,80
97,2020,1,7,11,46,-2,75
98,2020,1,7,14,25,2,75
99,2020,1,7,14,46,1,60
100,2020,1,7,17,25,1,75
101,2020,1,7,17,46,3,55
102,2020,1,7,20,25,0,70
103,2020,1,7,20,46,0,65
104,2020,1,7,23,25,-1,75
105,2020,1,7,23,46,-1,70
106,2020,1,7,2,25,-1,70
107,2020,1,7,2,46,-3,80
108,2020,1,7,5,25,-2,75
109,2020,1,7,5,46,-4,85
110,2020,1,7,8,25,-1,75
111,2020,1,7,8,46,-3,85
112,2020,1,8,11,25,2,60
113,2020,1,8,11,46,-3,85
114,2020,1,8,14,25,2,55
115,2020,1,8,14,46,2,60
116,2020,1,8,17,25,0,65
117,2020,1,8,17,46,3,55
118,2020,1,8,20,25,-2,70
119,2020,1,8,20,46,0,70
120,2020,1,8,23,25,-3,80
121,2020,1,8,23,46,-1,75
122,2020,1,8,2,25,-4,90
123,2020,1,8,2,46,-1,80
124,2020,1,8,5,25,-3,85
125,2020,1,8,5,46,-1,85
126,2020,1,8,8,25,-2,85
127,2020,1,8,8,46,-2,85
128,2020,1,9,11,25,2,65
129,2020,1,9,11,46,0,80
130,2020,1,9,14,25,4,55
131,2020,1,9,14,46,5,65
132,2020,1,9,17,25,1,75
133,2020,1,9,17,46,4,55
134,2020,1,9,20,25,-1,80
135,2020,1,9,20,46,0,65
136,2020,1,9,23,25,0,80
137,2020,1,9,23,46,-1,65
138,2020,1,9,2,25,-1,85
139,2020,1,9,2,46,-2,70
140,2020,1,9,5,25,-2,90
141,2020,1,9,5,46,-2,75
142,2020,1,9,8,25,0,85
143,2020,1,9,8,46,-3,75
144,2020,1,10,11,25,4,70
145,2020,1,10,11,46,-1,75
146,2020,1,10,14,25,4,60
147,2020,1,10,14,46,1,60
148,2020,1,10,17,25,1,65
149,2020,1,10,17,46,2,55
150,2020,1,10,20,25,-1,70
151,2020,1,10,20,46,0,65
152,2020,1,10,23,25,-2,75
153,2020,1,10,23,46,-1,70
154,2020,1,10,2,25,-2,75
155,2020,1,10,2,46,-2,70
156,2020,1,10,5,25,-3,75
157,2020,1,10,5,46,-2,70
158,2020,1,10,8,25,-1,75
159,2020,1,10,8,46,-2,75
160,2020,1,11,11,25,2,65
161,2020,1,11,11,46,-2,70
162,2020,1,11,14,25,3,60
163,2020,1,11,14,46,0,55
164,2020,1,11,17,25,0,65
165,2020,1,11,17,46,1,50
166,2020,1,11,20,25,-1,70
167,2020,1,11,20,46,-2,55
168,2020,1,11,23,25,-2,70
169,2020,1,11,23,46,-3,60
170,2020,1,11,2,25,-2,70
171,2020,1,11,2,46,-4,70
172,2020,1,11,5,25,-1,70
173,2020,1,11,5,46,-4,70
174,2020,1,11,8,25,-2,70
175,2020,1,11,8,46,-4,70
176,2020,1,12,11,25,0,55
177,2020,1,12,11,46,-2,70
178,2020,1,12,14,25,1,50
179,2020,1,12,14,46,2,55
180,2020,1,12,17,25,-2,60
181,2020,1,12,17,46,2,55
182,2020,1,12,20,25,-3,65
183,2020,1,12,20,46,0,60
184,2020,1,12,23,25,-3,70
185,2020,1,12,23,46,-3,70
186,2020,1,12,2,25,-4,80
187,2020,1,12,2,46,-3,75
188,2020,1,12,5,25,-4,80
189,2020,1,12,5,46,-4,85
190,2020,1,12,8,25,-2,80
191,2020,1,12,8,46,-5,75
192,2020,1,13,11,25,1,65
193,2020,1,13,11,46,-3,70
194,2020,1,13,14,25,1,65
195,2020,1,13,14,46,1,45
196,2020,1,13,17,25,-1,65
197,2020,1,13,17,46,1,50
198,2020,1,13,20,25,-2,70
199,2020,1,13,20,46,-2,65
200,2020,1,13,23,25,-3,80
201,2020,1,13,23,46,-3,70
202,2020,1,13,2,25,-3,75
203,2020,1,13,2,46,-4,75
204,2020,1,13,5,25,-5,75
205,2020,1,13,5,46,-4,80
206,2020,1,13,8,25,-3,65
207,2020,1,13,8,46,-4,75
208,2020,1,14,11,25,1,50
209,2020,1,14,11,46,-3,70
210,2020,1,14,14,25,1,50
211,2020,1,14,14,46,1,40
212,2020,1,14,17,25,-1,65
213,2020,1,14,17,46,2,45
214,2020,1,14,20,25,-3,75
215,2020,1,14,20,46,-1,70
216,2020,1,14,23,25,-3,75
217,2020,1,14,23,46,-2,70
218,2020,1,14,2,25,-4,75
219,2020,1,14,2,46,-3,75
220,2020,1,14,5,25,-4,75
221,2020,1,14,5,46,-4,75
222,2020,1,14,8,25,-3,70
223,2020,1,14,8,46,-4,75
224,2020,1,15,11,25,1,40
225,2020,1,15,11,46,-3,70
226,2020,1,15,14,25,2,45
227,2020,1,15,14,46,1,45
228,2020,1,15,17,25,-1,65
229,2020,1,15,17,46,2,45
230,2020,1,15,20,25,-2,65
231,2020,1,15,20,46,-1,60
232,2020,1,15,23,25,-3,75
233,2020,1,15,23,46,-2,70
234,2020,1,15,2,25,-4,80
235,2020,1,15,2,46,-3,80
236,2020,1,15,5,25,-4,75
237,2020,1,15,5,46,-2,75
238,2020,1,15,8,25,-3,70
239,2020,1,15,8,46,-3,80
240,2020,1,16,11,25,1,45
241,2020,1,16,11,46,-2,75
242,2020,1,16,14,25,2,50
243,2020,1,16,14,46,3,45
244,2020,1,16,17,25,-1,65
245,2020,1,16,17,46,4,40
246,2020,1,16,20,25,-2,70
247,2020,1,16,20,46,1,60
248,2020,1,16,23,25,-2,75
249,2020,1,16,23,46,-1,75
250,2020,1,16,2,25,-2,75
251,2020,1,16,2,46,-2,85
252,2020,1,16,5,25,-3,80
253,2020,1,16,5,46,-1,90
254,2020,1,16,8,25,-2,75
255,2020,1,16,8,46,-1,85
256,2020,1,17,11,25,3,40
257,2020,1,17,11,46,1,85
258,2020,1,17,14,25,4,40
259,2020,1,17,14,46,5,60
260,2020,1,17,17,25,1,60
261,2020,1,17,17,46,6,60
262,2020,1,17,20,25,-1,80
263,2020,1,17,20,46,4,65
264,2020,1,17,23,25,-2,85
265,2020,1,17,23,46,1,70
266,2020,1,17,2,25,-1,85
267,2020,1,17,2,46,-1,75
268,2020,1,17,5,25,-1,85
269,2020,1,17,5,46,0,75
270,2020,1,17,8,25,0,85
271,2020,1,17,8,46,0,75
272,2020,1,18,11,25,6,55
273,2020,1,18,11,46,1,70
274,2020,1,18,14,25,6,60
275,2020,1,18,14,46,4,55
276,2020,1,18,17,25,4,65
277,2020,1,18,17,46,4,50
278,2020,1,18,20,25,1,70
279,2020,1,18,20,46,3,60
280,2020,1,18,23,25,0,75
281,2020,1,18,23,46,1,65
282,2020,1,18,2,25,0,75
283,2020,1,18,2,46,-2,70
284,2020,1,18,5,25,-1,70
285,2020,1,18,5,46,-3,80
286,2020,1,18,8,25,0,70
287,2020,1,18,8,46,-5,85
288,2020,1,19,11,25,3,60
289,2020,1,19,11,46,-3,80
290,2020,1,19,14,25,5,50
291,2020,1,19,14,46,2,50
292,2020,1,19,17,25,2,55
293,2020,1,19,17,46,3,40
294,2020,1,19,20,25,0,60
295,2020,1,19,20,46,1,60
296,2020,1,19,23,25,-2,70
297,2020,1,19,23,46,-1,70
298,2020,1,19,2,25,-4,70
299,2020,1,19,2,46,-1,70
300,2020,1,19,5,25,-5,75
301,2020,1,19,5,46,-1,70
302,2020,1,19,8,25,-4,70
303,2020,1,19,8,46,-1,75
304,2020,1,20,11,25,1,50
305,2020,1,20,11,46,0,85
306,2020,1,20,14,25,3,40
307,2020,1,20,14,46,3,70
308,2020,1,20,17,25,0,60
309,2020,1,20,17,46,5,65
310,2020,1,20,20,25,-2,70
311,2020,1,20,20,46,4,70
312,2020,1,20,23,25,-2,75
313,2020,1,20,23,46,3,80
314,2020,1,20,2,25,-2,75
315,2020,1,20,2,46,3,80
316,2020,1,20,5,25,-2,80
317,2020,1,20,5,46,3,80
318,2020,1,20,8,25,-1,75
319,2020,1,20,8,46,3,95
320,2020,1,21,11,25,3,60
321,2020,1,21,11,46,3,95
322,2020,1,21,14,25,6,60
323,2020,1,21,14,46,4,90
324,2020,1,21,17,25,5,65
325,2020,1,21,17,46,8,60
326,2020,1,21,20,25,3,75
327,2020,1,21,20,46,5,70
328,2020,1,21,23,25,3,80
329,2020,1,21,23,46,4,70
330,2020,1,21,2,25,3,80
331,2020,1,21,2,46,2,80
332,2020,1,21,5,25,2,80
333,2020,1,21,5,46,2,85
334,2020,1,21,8,25,3,85
335,2020,1,21,8,46,2,85
336,2020,1,22,11,25,6,70
337,2020,1,22,11,46,1,85
338,2020,1,22,14,25,8,60
339,2020,1,22,14,46,3,70
340,2020,1,22,17,25,6,70
341,2020,1,22,17,46,5,65
342,2020,1,22,20,25,4,75
343,2020,1,22,20,46,3,75
344,2020,1,22,23,25,3,80
345,2020,1,22,23,46,1,75
346,2020,1,22,2,25,2,85
347,2020,1,22,2,46,2,80
348,2020,1,22,5,25,2,85
349,2020,1,22,5,46,2,85
350,2020,1,22,8,25,1,90
351,2020,1,22,8,46,2,85
352,2020,1,23,11,25,3,75
353,2020,1,23,11,46,3,90
354,2020,1,23,14,25,4,65
355,2020,1,23,14,46,7,70
356,2020,1,23,17,25,3,70
357,2020,1,23,17,46,9,60
358,2020,1,23,20,25,1,75
359,2020,1,23,20,46,6,70
360,2020,1,23,23,25,1,75
361,2020,1,23,23,46,4,75
362,2020,1,23,2,25,2,80
363,2020,1,23,2,46,2,85
364,2020,1,23,5,25,1,85
365,2020,1,23,5,46,2,85
366,2020,1,23,8,25,2,90
367,2020,1,23,8,46,1,85
368,2020,1,24,11,25,7,70
369,2020,1,24,11,46,2,80
370,2020,1,24,14,25,8,65
371,2020,1,24,14,46,7,60
372,2020,1,24,17,25,5,75
373,2020,1,24,17,46,10,50
374,2020,1,24,20,25,4,80
375,2020,1,24,20,46,7,55
376,2020,1,24,23,25,2,80
377,2020,1,24,23,46,6,65
378,2020,1,24,2,25,2,85
379,2020,1,24,2,46,5,70
380,2020,1,24,5,25,2,90
381,2020,1,24,5,46,5,65
382,2020,1,24,8,25,3,85
383,2020,1,24,8,46,6,70
384,2020,1,25,11,25,8,65
385,2020,1,25,11,46,6,80
386,2020,1,25,14,25,10,55
387,2020,1,25,14,46,5,80
388,2020,1,25,17,25,7,50
389,2020,1,25,17,46,5,75
390,2020,1,25,20,25,6,55
391,2020,1,25,20,46,3,80
392,2020,1,25,23,25,5,60
393,2020,1,25,23,46,3,75
394,2020,1,25,2,25,6,65
395,2020,1,25,2,46,3,80
396,2020,1,25,5,25,4,70
397,2020,1,25,5,46,4,80
398,2020,1,25,8,25,5,70
399,2020,1,25,8,46,4,80
400,2020,1,26,11,25,6,60
401,2020,1,26,11,46,4,85
402,2020,1,26,14,25,6,65
403,2020,1,26,14,46,7,65
404,2020,1,26,17,25,5,70
405,2020,1,26,17,46,7,65
406,2020,1,26,20,25,4,75
407,2020,1,26,20,46,6,65
408,2020,1,26,23,25,4,80
409,2020,1,26,23,46,4,65
410,2020,1,26,2,25,4,80
411,2020,1,26,2,46,3,75
412,2020,1,26,5,25,4,85
413,2020,1,26,5,46,2,80
414,2020,1,26,8,25,4,90
415,2020,1,26,8,46,2,80
416,2020,1,27,11,25,6,75
417,2020,1,27,11,46,2,85
418,2020,1,27,14,25,7,65
419,2020,1,27,14,46,5,70
420,2020,1,27,17,25,6,65
421,2020,1,27,17,46,6,65
422,2020,1,27,20,25,3,70
423,2020,1,27,20,46,5,70
424,2020,1,27,23,25,3,75
425,2020,1,27,23,46,3,75
426,2020,1,27,2,25,2,85
427,2020,1,27,2,46,2,80
428,2020,1,27,5,25,1,85
429,2020,1,27,5,46,1,85
430,2020,1,27,8,25,2,90
431,2020,1,27,8,46,-1,90
432,2020,1,28,11,25,6,70
433,2020,1,28,11,46,1,85
434,2020,1,28,14,25,7,65
435,2020,1,28,14,46,6,65
436,2020,1,28,17,25,5,70
437,2020,1,28,17,46,6,60
438,2020,1,28,20,25,3,75
439,2020,1,28,20,46,4,70
440,2020,1,28,23,25,2,80
441,2020,1,28,23,46,0,85
442,2020,1,28,2,25,1,85
443,2020,1,28,2,46,-1,90
444,2020,1,28,5,25,0,90
445,2020,1,28,5,46,-1,90
446,2020,1,28,8,25,1,90
447,2020,1,28,8,46,-2,95
448,2020,1,29,11,25,6,60
449,2020,1,29,11,46,-1,90
450,2020,1,29,14,25,7,50
451,2020,1,29,14,46,4,65
452,2020,1,29,17,25,4,70
453,2020,1,29,17,46,5,60
454,2020,1,29,20,25,1,80
455,2020,1,29,20,46,2,60
456,2020,1,29,23,25,0,90
457,2020,1,29,23,46,-1,80
458,2020,1,29,2,25,0,90
459,2020,1,29,2,46,-1,80
460,2020,1,29,5,25,-1,90
461,2020,1,29,5,46,-2,80
462,2020,1,29,8,25,1,90
463,2020,1,29,8,46,-4,80
464,2020,1,30,11,25,5,65
465,2020,1,30,11,46,-1,80
466,2020,1,30,14,25,5,60
467,2020,1,30,14,46,5,65
468,2020,1,30,17,25,2,65
469,2020,1,30,17,46,6,55
470,2020,1,30,20,25,-1,80
471,2020,1,30,20,46,3,60
472,2020,1,30,23,25,-1,85
473,2020,1,30,23,46,1,70
474,2020,1,30,2,25,-2,75
475,2020,1,30,2,46,-1,70
476,2020,1,30,5,25,-3,85
477,2020,1,30,5,46,-2,75
478,2020,1,30,8,25,0,90
479,2020,1,30,8,46,-3,75
480,2020,1,31,11,25,5,65
481,2020,1,31,11,46,-1,75
482,2020,1,31,14,25,7,60
483,2020,1,31,14,46,3,50
484,2020,1,31,17,25,4,65
485,2020,1,31,17,46,4,45
486,2020,1,31,20,25,2,65
487,2020,1,31,20,46,1,55
488,2020,1,31,23,25,-1,70
489,2020,1,31,23,46,-1,70
490,2020,1,31,2,25,-2,75
491,2020,1,31,2,46,-1,75
492,2020,1,31,5,25,-3,80
493,2020,1,31,5,46,-1,80
494,2020,1,31,8,25,-1,75
495,2020,1,31,8,46,-1,75
496,2020,2,1,11,25,3,50
497,2020,2,1,11,46,-1,70
498,2020,2,1,14,25,4,45
499,2020,2,1,14,46,2,50
500,2020,2,1,17,25,2,60
501,2020,2,1,17,46,2,45
502,2020,2,1,20,25,-1,75
503,2020,2,1,20,46,-1,50
504,2020,2,1,23,25,-1,85
505,2020,2,1,23,46,-3,65
506,2020,2,1,2,25,-2,80
507,2020,2,1,2,46,-3,70
508,2020,2,1,5,25,0,70
509,2020,2,1,5,46,-5,75
510,2020,2,1,8,25,-1,70
511,2020,2,1,8,46,-6,75
512,2020,2,2,11,25,2,50
513,2020,2,2,11,46,-3,60
514,2020,2,2,14,25,2,45
515,2020,2,2,14,46,3,45
516,2020,2,2,17,25,-1,50
517,2020,2,2,17,46,4,50
518,2020,2,2,20,25,-3,65
519,2020,2,2,20,46,2,65
520,2020,2,2,23,25,-4,65
521,2020,2,2,23,46,0,70
522,2020,2,2,2,25,-5,75
523,2020,2,2,2,46,-3,55
524,2020,2,2,5,25,-5,80
525,2020,2,2,5,46,-6,55
526,2020,2,2,8,25,-3,65
527,2020,2,2,8,46,-8,55
528,2020,2,3,11,25,3,50
529,2020,2,3,11,46,-7,50
530,2020,2,3,14,25,5,50
531,2020,2,3,14,46,-5,40
532,2020,2,3,17,25,2,65
533,2020,2,3,17,46,-4,40
534,2020,2,3,20,25,1,75
535,2020,2,3,20,46,-5,45
536,2020,2,3,23,25,-2,65
537,2020,2,3,23,46,-6,55
538,2020,2,3,2,25,-7,60
539,2020,2,3,2,46,-7,55
540,2020,2,3,5,25,-8,60
541,2020,2,3,5,46,-8,60
542,2020,2,3,8,25,-7,55
543,2020,2,3,8,46,-9,65
544,2020,2,4,11,25,-5,40
545,2020,2,4,11,46,-8,50
546,2020,2,4,14,25,-4,40
547,2020,2,4,14,46,-4,25
548,2020,2,4,17,25,-5,45
549,2020,2,4,17,46,-2,20
550,2020,2,4,20,25,-6,55
551,2020,2,4,20,46,-3,45
552,2020,2,4,23,25,-7,50
553,2020,2,4,23,46,-4,65
554,2020,2,4,2,25,-8,55
555,2020,2,4,2,46,-5,65
556,2020,2,4,5,25,-9,60
557,2020,2,4,5,46,-6,75
558,2020,2,4,8,25,-8,50
559,2020,2,4,8,46,-7,70
560,2020,2,5,11,25,-3,25
561,2020,2,5,11,46,-4,65
562,2020,2,5,14,25,-1,25
563,2020,2,5,14,46,1,40
564,2020,2,5,17,25,-4,45
565,2020,2,5,17,46,3,55
566,2020,2,5,20,25,-6,65
567,2020,2,5,20,46,1,65
568,2020,2,5,23,25,-6,65
569,2020,2,5,23,46,0,75
570,2020,2,5,2,25,-6,75
571,2020,2,5,2,46,0,80
572,2020,2,5,5,25,-7,75
573,2020,2,5,5,46,0,80
574,2020,2,5,8,25,-4,60
575,2020,2,5,8,46,0,85
576,2020,2,6,11,25,1,45
577,2020,2,6,11,46,0,85
578,2020,2,6,14,25,3,55
579,2020,2,6,14,46,4,50
580,2020,2,6,17,25,1,65
581,2020,2,6,17,46,4,40
582,2020,2,6,20,25,-1,75
583,2020,2,6,20,46,2,50
584,2020,2,6,23,25,-1,80
585,2020,2,6,23,46,0,60
586,2020,2,6,2,25,0,80
587,2020,2,6,2,46,-2,65
588,2020,2,6,5,25,-1,85
589,2020,2,6,5,46,-4,75
590,2020,2,6,8,25,-1,85
591,2020,2,6,8,46,-5,85
592,2020,2,7,11,25,3,55
593,2020,2,7,11,46,-2,70
594,2020,2,7,14,25,4,40
595,2020,2,7,14,46,4,35
596,2020,2,7,17,25,1,45
597,2020,2,7,17,46,5,40
598,2020,2,7,20,25,-1,55
599,2020,2,7,20,46,2,60
600,2020,2,7,23,25,-2,65
601,2020,2,7,23,46,0,75
602,2020,2,7,2,25,-4,70
603,2020,2,7,2,46,0,80
604,2020,2,7,5,25,-5,75
605,2020,2,7,5,46,1,80
606,2020,2,7,8,25,-3,60
607,2020,2,7,8,46,2,85
608,2020,2,8,11,25,3,35
609,2020,2,8,11,46,3,90
610,2020,2,8,14,25,4,45
611,2020,2,8,14,46,8,60
612,2020,2,8,17,25,2,60
613,2020,2,8,17,46,8,45
614,2020,2,8,20,25,-1,75
615,2020,2,8,20,46,5,65
616,2020,2,8,23,25,1,75
617,2020,2,8,23,46,1,80
618,2020,2,8,2,25,2,80
619,2020,2,8,2,46,-1,85
620,2020,2,8,5,25,2,90
621,2020,2,8,5,46,-1,80
622,2020,2,8,8,25,2,90
623,2020,2,8,8,46,-2,75
624,2020,2,9,11,25,7,55
625,2020,2,9,11,46,2,60
626,2020,2,9,14,25,8,40
627,2020,2,9,14,46,10,40
628,2020,2,9,17,25,5,60
629,2020,2,9,17,46,13,30
630,2020,2,9,20,25,1,70
631,2020,2,9,20,46,8,55
632,2020,2,9,23,25,-1,85
633,2020,2,9,23,46,5,70
634,2020,2,9,2,25,-1,75
635,2020,2,9,2,46,5,80
636,2020,2,9,5,25,-1,75
637,2020,2,9,5,46,5,80
638,2020,2,9,8,25,2,55
639,2020,2,9,8,46,5,80
640,2020,2,10,11,25,10,40
641,2020,2,10,11,46,4,90
642,2020,2,10,14,25,13,25
643,2020,2,10,14,46,6,90
644,2020,2,10,17,25,8,50
645,2020,2,10,17,46,7,90
646,2020,2,10,20,25,5,65
647,2020,2,10,20,46,8,90
648,2020,2,10,23,25,5,75
649,2020,2,10,23,46,8,90
650,2020,2,10,2,25,5,80
651,2020,2,10,2,46,7,90
652,2020,2,10,5,25,5,85
653,2020,2,10,5,46,6,90
654,2020,2,10,8,25,4,90
655,2020,2,10,8,46,6,90
656,2020,2,11,11,25,6,90
657,2020,2,11,11,46,5,90
658,2020,2,11,14,25,7,90
659,2020,2,11,14,46,8,80
660,2020,2,11,17,25,8,90
661,2020,2,11,17,46,10,70
662,2020,2,11,20,25,7,90
663,2020,2,11,20,46,7,75
664,2020,2,11,23,25,6,90
665,2020,2,11,23,46,5,80
666,2020,2,11,2,25,5,90
667,2020,2,11,2,46,4,90
668,2020,2,11,5,25,2,90
669,2020,2,11,5,46,4,90
670,2020,2,11,8,25,3,95
671,2020,2,11,8,46,5,85
672,2020,2,12,11,25,9,80
673,2020,2,12,11,46,5,85
674,2020,2,12,14,25,10,75
675,2020,2,12,14,46,6,80
676,2020,2,12,17,25,8,75
677,2020,2,12,17,46,11,65
678,2020,2,12,20,25,5,80
679,2020,2,12,20,46,9,75
680,2020,2,12,23,25,3,90
681,2020,2,12,23,46,5,80
682,2020,2,12,2,25,3,90
683,2020,2,12,2,46,4,90
684,2020,2,12,5,25,3,90
685,2020,2,12,5,46,5,85
686,2020,2,12,8,25,4,90
687,2020,2,12,8,46,6,85
688,2020,2,13,11,25,8,80
689,2020,2,13,11,46,7,75
690,2020,2,13,14,25,11,70
691,2020,2,13,14,46,13,60
692,2020,2,13,17,25,9,75
693,2020,2,13,17,46,15,50
694,2020,2,13,20,25,5,80
695,2020,2,13,20,46,12,65
696,2020,2,13,23,25,4,85
697,2020,2,13,23,46,8,75
698,2020,2,13,2,25,4,85
699,2020,2,13,2,46,6,85
700,2020,2,13,5,25,6,85
701,2020,2,13,5,46,4,90
702,2020,2,13,8,25,8,80
703,2020,2,13,8,46,2,80
704,2020,2,14,11,25,13,60
705,2020,2,14,11,46,0,85
706,2020,2,14,14,25,15,50
707,2020,2,14,14,46,0,65
708,2020,2,14,17,25,12,75
709,2020,2,14,17,46,0,60
710,2020,2,14,20,25,8,80
711,2020,2,14,20,46,-1,65
712,2020,2,14,23,25,6,90
713,2020,2,14,23,46,-1,60
714,2020,2,14,2,25,4,90
715,2020,2,14,2,46,-2,65
716,2020,2,14,5,25,2,85
717,2020,2,14,5,46,-2,60
718,2020,2,14,8,25,0,70
719,2020,2,14,8,46,-3,60
720,2020,2,15,11,25,0,65
721,2020,2,15,11,46,-4,65
722,2020,2,15,14,25,0,60
723,2020,2,15,14,46,-2,65
724,2020,2,15,17,25,-1,65
725,2020,2,15,17,46,-3,60
726,2020,2,15,20,25,-1,60
727,2020,2,15,20,46,-4,55
728,2020,2,15,23,25,-2,65
729,2020,2,15,23,46,-4,60
730,2020,2,15,2,25,-2,65
731,2020,2,15,2,46,-4,60
732,2020,2,15,5,25,-3,60
733,2020,2,15,5,46,-5,65
734,2020,2,15,8,25,-3,65
735,2020,2,15,8,46,-6,70
736,2020,2,16,11,25,-3,60
737,2020,2,16,11,46,-4,60
738,2020,2,16,14,25,-3,60
739,2020,2,16,14,46,0,45
740,2020,2,16,17,25,-4,60
741,2020,2,16,17,46,2,45
742,2020,2,16,20,25,-4,60
743,2020,2,16,20,46,0,55
744,2020,2,16,23,25,-4,65
745,2020,2,16,23,46,-2,70
746,2020,2,16,2,25,-5,65
747,2020,2,16,2,46,-3,80
748,2020,2,16,5,25,-5,60
749,2020,2,16,5,46,-1,85
750,2020,2,16,8,25,-3,55
751,2020,2,16,8,46,-1,85
752,2020,2,17,11,25,1,40
753,2020,2,17,11,46,1,75
754,2020,2,17,14,25,2,40
755,2020,2,17,14,46,8,55
756,2020,2,17,17,25,0,60
757,2020,2,17,17,46,9,60
758,2020,2,17,20,25,-1,70
759,2020,2,17,20,46,6,70
760,2020,2,17,23,25,-2,80
761,2020,2,17,23,46,2,80
762,2020,2,17,2,25,-1,80
763,2020,2,17,2,46,1,85
764,2020,2,17,5,25,-1,85
765,2020,2,17,5,46,0,90
766,2020,2,17,8,25,1,80
767,2020,2,17,8,46,-1,90
768,2020,2,18,11,25,8,60
769,2020,2,18,11,46,1,95
770,2020,2,18,14,25,9,55
771,2020,2,18,14,46,8,70
772,2020,2,18,17,25,6,70
773,2020,2,18,17,46,10,55
774,2020,2,18,20,25,3,80
775,2020,2,18,20,46,6,70
776,2020,2,18,23,25,2,85
777,2020,2,18,23,46,3,80
778,2020,2,18,2,25,1,85
779,2020,2,18,2,46,1,85
780,2020,2,18,5,25,0,95
781,2020,2,18,5,46,1,85
782,2020,2,18,8,25,1,95
783,2020,2,18,8,46,0,85
784,2020,2,19,11,25,9,65
785,2020,2,19,11,46,3,80
786,2020,2,19,14,25,10,50
787,2020,2,19,14,46,10,50
788,2020,2,19,17,25,6,75
789,2020,2,19,17,46,12,45
790,2020,2,19,20,25,3,80
791,2020,2,19,20,46,10,60
792,2020,2,19,23,25,1,90
793,2020,2,19,23,46,7,75
794,2020,2,19,2,25,1,90
795,2020,2,19,2,46,7,80
796,2020,2,19,5,25,1,85
797,2020,2,19,5,46,7,80
798,2020,2,19,8,25,3,85
799,2020,2,19,8,46,4,80
800,2020,2,20,11,25,9,55
801,2020,2,20,11,46,5,75
802,2020,2,20,14,25,11,50
803,2020,2,20,14,46,9,40
804,2020,2,20,17,25,10,55
805,2020,2,20,17,46,6,45
806,2020,2,20,20,25,7,70
807,2020,2,20,20,46,3,50
808,2020,2,20,23,25,7,85
809,2020,2,20,23,46,1,55
810,2020,2,20,2,25,7,80
811,2020,2,20,2,46,1,60
812,2020,2,20,5,25,4,80
813,2020,2,20,5,46,0,65
814,2020,2,20,8,25,6,75
815,2020,2,20,8,46,-2,70
816,2020,2,21,11,25,7,55
817,2020,2,21,11,46,2,70
818,2020,2,21,14,25,6,45
819,2020,2,21,14,46,6,40
820,2020,2,21,17,25,3,50
821,2020,2,21,17,46,8,40
822,2020,2,21,20,25,2,55
823,2020,2,21,20,46,5,50
824,2020,2,21,23,25,2,60
825,2020,2,21,23,46,2,75
826,2020,2,21,2,25,0,65
827,2020,2,21,2,46,1,80
828,2020,2,21,5,25,-2,70
829,2020,2,21,5,46,1,85
830,2020,2,21,8,25,2,70
831,2020,2,21,8,46,1,85
832,2020,2,22,11,25,6,40
833,2020,2,22,11,46,4,85
834,2020,2,22,14,25,8,40
835,2020,2,22,14,46,11,60
836,2020,2,22,17,25,5,50
837,2020,2,22,17,46,13,50
838,2020,2,22,20,25,2,70
839,2020,2,22,20,46,10,65
840,2020,2,22,23,25,1,80
841,2020,2,22,23,46,9,75
842,2020,2,22,2,25,1,85
843,2020,2,22,2,46,8,85
844,2020,2,22,5,25,0,85
845,2020,2,22,5,46,8,90
846,2020,2,22,8,25,4,80
847,2020,2,22,8,46,8,85
848,2020,2,23,11,25,11,60
849,2020,2,23,11,46,7,90
850,2020,2,23,14,25,13,50
851,2020,2,23,14,46,8,95
852,2020,2,23,17,25,10,60
853,2020,2,23,17,46,7,90
854,2020,2,23,20,25,8,75
855,2020,2,23,20,46,7,90
856,2020,2,23,23,25,7,90
857,2020,2,23,23,46,7,85
858,2020,2,23,2,25,7,90
859,2020,2,23,2,46,6,85
860,2020,2,23,5,25,7,85
861,2020,2,23,5,46,4,85
862,2020,2,23,8,25,6,95
863,2020,2,23,8,46,3,85
864,2020,2,24,11,25,5,95
865,2020,2,24,11,46,5,80
866,2020,2,24,14,25,6,90
867,2020,2,24,14,46,9,65
868,2020,2,24,17,25,7,85
869,2020,2,24,17,46,9,55
870,2020,2,24,20,25,6,85
871,2020,2,24,20,46,6,65
872,2020,2,24,23,25,5,85
873,2020,2,24,23,46,4,75
874,2020,2,24,2,25,4,85
875,2020,2,24,2,46,3,80
876,2020,2,24,5,25,3,90
877,2020,2,24,5,46,2,85
878,2020,2,24,8,25,4,85
879,2020,2,24,8,46,1,90
880,2020,2,25,11,25,9,65
881,2020,2,25,11,46,3,80
882,2020,2,25,14,25,9,60
883,2020,2,25,14,46,7,55
884,2020,2,25,17,25,6,65
885,2020,2,25,17,46,9,50
886,2020,2,25,20,25,3,75
887,2020,2,25,20,46,7,60
888,2020,2,25,23,25,3,80
889,2020,2,25,23,46,3,80
890,2020,2,25,2,25,2,85
891,2020,2,25,2,46,1,85
892,2020,2,25,5,25,0,90
893,2020,2,25,5,46,2,80
894,2020,2,25,8,25,3,85
895,2020,2,25,8,46,2,80
896,2020,2,26,11,25,7,55
897,2020,2,26,11,46,3,80
898,2020,2,26,14,25,9,50
899,2020,2,26,14,46,5,75
900,2020,2,26,17,25,7,60
901,2020,2,26,17,46,5,85
902,2020,2,26,20,25,3,75
903,2020,2,26,20,46,5,80
904,2020,2,26,23,25,1,85
905,2020,2,26,23,46,4,85
906,2020,2,26,2,25,1,80
907,2020,2,26,2,46,4,90
908,2020,2,26,5,25,2,80
909,2020,2,26,5,46,4,90
910,2020,2,26,8,25,4,80
911,2020,2,26,8,46,3,90
912,2020,2,27,11,25,5,80
913,2020,2,27,11,46,5,90
914,2020,2,27,14,25,5,85
915,2020,2,27,14,46,8,75
916,2020,2,27,17,25,6,85
917,2020,2,27,17,46,10,65
918,2020,2,27,20,25,5,85
919,2020,2,27,20,46,8,65
920,2020,2,27,23,25,4,85
921,2020,2,27,23,46,4,80
922,2020,2,27,2,25,4,90
923,2020,2,27,2,46,3,85
924,2020,2,27,5,25,2,90
925,2020,2,27,5,46,2,90
926,2020,2,27,8,25,4,90
927,2020,2,27,8,46,1,90
928,2020,2,28,11,25,9,75
929,2020,2,28,11,46,4,85
930,2020,2,28,14,25,10,65
931,2020,2,28,14,46,11,65
932,2020,2,28,17,25,8,70
933,2020,2,28,17,46,11,55
934,2020,2,28,20,25,4,80
935,2020,2,28,20,46,7,65
936,2020,2,28,23,25,3,85
937,2020,2,28,23,46,4,75
938,2020,2,28,2,25,2,90
939,2020,2,28,2,46,4,75
940,2020,2,28,5,25,1,95
941,2020,2,28,5,46,2,80
942,2020,2,28,8,25,3,90
943,2020,2,28,8,46,2,75
944,2020,2,29,11,25,9,65
945,2020,2,29,11,46,3,60
946,2020,2,29,14,25,10,55
947,2020,2,29,14,46,5,50
948,2020,2,29,17,25,6,65
949,2020,2,29,17,46,6,40
950,2020,2,29,20,25,4,80
951,2020,2,29,20,46,4,50
952,2020,2,29,23,25,4,70
953,2020,2,29,23,46,1,70
954,2020,2,29,2,25,3,80
955,2020,2,29,2,46,0,75
956,2020,2,29,5,25,2,65
957,2020,2,29,5,46,-1,85
958,2020,2,29,8,25,3,55
959,2020,2,29,8,46,-1,90
960,2020,3,1,11,25,5,45
961,2020,3,1,11,46,2,75
962,2020,3,1,14,25,6,40
963,2020,3,1,14,46,9,45
964,2020,3,1,17,25,4,50
965,2020,3,1,17,46,9,55
966,2020,3,1,20,25,2,70
967,2020,3,1,20,46,6,65
968,2020,3,1,23,25,1,75
969,2020,3,1,23,46,2,80
970,2020,3,1,2,25,0,80
971,2020,3,1,2,46,1,85
972,2020,3,1,5,25,-1,85
973,2020,3,1,5,46,2,85
974,2020,3,1,8,25,2,75
975,2020,3,1,8,46,1,85
976,2020,3,2,11,25,9,45
977,2020,3,2,11,46,3,75
978,2020,3,2,14,25,9,55
979,2020,3,2,14,46,5,60
980,2020,3,2,17,25,5,70
981,2020,3,2,17,46,4,55
982,2020,3,2,20,25,3,80
983,2020,3,2,20,46,1,60
984,2020,3,2,23,25,1,85
985,2020,3,2,23,46,1,60
986,2020,3,2,2,25,3,85
987,2020,3,2,2,46,1,60
988,2020,3,2,5,25,2,80
989,2020,3,2,5,46,0,65
990,2020,3,2,8,25,4,70
991,2020,3,2,8,46,-1,70
992,2020,3,3,11,25,4,60
993,2020,3,3,11,46,1,60
994,2020,3,3,14,25,3,55
995,2020,3,3,14,46,4,45
996,2020,3,3,17,25,1,60
997,2020,3,3,17,46,5,45
998,2020,3,3,20,25,1,60
999,2020,3,3,20,46,4,50
1000,2020,3,3,23,25,1,55
1001,2020,3,3,23,46,1,70
1002,2020,3,3,2,25,0,60
1003,2020,3,3,2,46,-1,75
1004,2020,3,3,5,25,-1,65
1005,2020,3,3,5,46,-2,80
1006,2020,3,3,8,25,1,60
1007,2020,3,3,8,46,-3,80
1008,2020,3,4,11,25,4,45
1009,2020,3,4,11,46,1,70
1010,2020,3,4,14,25,5,45
1011,2020,3,4,14,46,6,50
1012,2020,3,4,17,25,3,55
1013,2020,3,4,17,46,7,50
1014,2020,3,4,20,25,0,70
1015,2020,3,4,20,46,5,65
1016,2020,3,4,23,25,-2,75
1017,2020,3,4,23,46,2,75
1018,2020,3,4,2,25,-2,80
1019,2020,3,4,2,46,0,85
1020,2020,3,4,5,25,-3,85
1021,2020,3,4,5,46,-1,85
1022,2020,3,4,8,25,1,65
1023,2020,3,4,8,46,-1,80
1024,2020,3,5,11,25,5,50
1025,2020,3,5,11,46,2,75
1026,2020,3,5,14,25,7,50
1027,2020,3,5,14,46,8,60
1028,2020,3,5,17,25,4,65
1029,2020,3,5,17,46,10,55
1030,2020,3,5,20,25,1,75
1031,2020,3,5,20,46,7,65
1032,2020,3,5,23,25,0,85
1033,2020,3,5,23,46,4,80
1034,2020,3,5,2,25,-1,85
1035,2020,3,5,2,46,3,90
1036,2020,3,5,5,25,0,85
1037,2020,3,5,5,46,2,90
1038,2020,3,5,8,25,3,70
1039,2020,3,5,8,46,1,90
1040,2020,3,6,11,25,9,60
1041,2020,3,6,11,46,4,80
1042,2020,3,6,14,25,10,55
1043,2020,3,6,14,46,12,55
1044,2020,3,6,17,25,8,65
1045,2020,3,6,17,46,15,45
1046,2020,3,6,20,25,5,75
1047,2020,3,6,20,46,12,60
1048,2020,3,6,23,25,3,85
1049,2020,3,6,23,46,6,80
1050,2020,3,6,2,25,2,90
1051,2020,3,6,2,46,4,85
1052,2020,3,6,5,25,1,90
1053,2020,3,6,5,46,4,80
1054,2020,3,6,8,25,4,85
1055,2020,3,6,8,46,3,85
1056,2020,3,7,11,25,12,50
1057,2020,3,7,11,46,7,80
1058,2020,3,7,14,25,15,45
1059,2020,3,7,14,46,13,55
1060,2020,3,7,17,25,11,60
1061,2020,3,7,17,46,14,55
1062,2020,3,7,20,25,6,70
1063,2020,3,7,20,46,12,70
1064,2020,3,7,23,25,5,80
1065,2020,3,7,23,46,8,75
1066,2020,3,7,2,25,4,85
1067,2020,3,7,2,46,7,90
1068,2020,3,7,5,25,3,85
1069,2020,3,7,5,46,7,90
1070,2020,3,7,8,25,6,80
1071,2020,3,7,8,46,6,90
1072,2020,3,8,11,25,13,55
1073,2020,3,8,11,46,6,90
1074,2020,3,8,14,25,15,55
1075,2020,3,8,14,46,7,75
1076,2020,3,8,17,25,10,70
1077,2020,3,8,17,46,7,80
1078,2020,3,8,20,25,8,75
1079,2020,3,8,20,46,6,80
1080,2020,3,8,23,25,7,90
1081,2020,3,8,23,46,5,65
1082,2020,3,8,2,25,7,90
1083,2020,3,8,2,46,4,65
1084,2020,3,8,5,25,6,90
1085,2020,3,8,5,46,3,60
1086,2020,3,8,8,25,6,90
1087,2020,3,8,8,46,1,65
1088,2020,3,9,11,25,6,90
1089,2020,3,9,11,46,4,50
1090,2020,3,9,14,25,7,85
1091,2020,3,9,14,46,6,40
1092,2020,3,9,17,25,6,75
1093,2020,3,9,17,46,7,40
1094,2020,3,9,20,25,5,60
1095,2020,3,9,20,46,5,45
1096,2020,3,9,23,25,4,60
1097,2020,3,9,23,46,1,70
1098,2020,3,9,2,25,3,60
1099,2020,3,9,2,46,0,80
1100,2020,3,9,5,25,1,55
1101,2020,3,9,5,46,0,85
1102,2020,3,9,8,25,3,45
1103,2020,3,9,8,46,0,85
1104,2020,3,10,11,25,6,35
1105,2020,3,10,11,46,4,70
1106,2020,3,10,14,25,7,40
1107,2020,3,10,14,46,10,40
1108,2020,3,10,17,25,5,45
1109,2020,3,10,17,46,12,40
1110,2020,3,10,20,25,1,70
1111,2020,3,10,20,46,9,55
1112,2020,3,10,23,25,0,75
1113,2020,3,10,23,46,7,70
1114,2020,3,10,2,25,0,80
1115,2020,3,10,2,46,6,80
1116,2020,3,10,5,25,0,85
1117,2020,3,10,5,46,6,85
1118,2020,3,10,8,25,4,70
1119,2020,3,10,8,46,4,75
1120,2020,3,11,11,25,11,40
1121,2020,3,11,11,46,3,50
1122,2020,3,11,14,25,12,35
1123,2020,3,11,14,46,5,35
1124,2020,3,11,17,25,9,55
1125,2020,3,11,17,46,6,30
1126,2020,3,11,20,25,6,70
1127,2020,3,11,20,46,4,40
1128,2020,3,11,23,25,5,80
1129,2020,3,11,23,46,2,55
1130,2020,3,11,2,25,5,85
1131,2020,3,11,2,46,1,60
1132,2020,3,11,5,25,4,80
1133,2020,3,11,5,46,0,65
1134,2020,3,11,8,25,4,55
1135,2020,3,11,8,46,-2,70
1136,2020,3,12,11,25,5,35
1137,2020,3,12,11,46,3,60
1138,2020,3,12,14,25,7,35
1139,2020,3,12,14,46,8,40
1140,2020,3,12,17,25,4,35
1141,2020,3,12,17,46,9,40
1142,2020,3,12,20,25,2,50
1143,2020,3,12,20,46,7,50
1144,2020,3,12,23,25,1,55
1145,2020,3,12,23,46,4,65
1146,2020,3,12,2,25,-1,60
1147,2020,3,12,2,46,3,70
1148,2020,3,12,5,25,-1,70
1149,2020,3,12,5,46,3,75
1150,2020,3,12,8,25,3,60
1151,2020,3,12,8,46,2,80
1152,2020,3,13,11,25,8,35
1153,2020,3,13,11,46,5,70
1154,2020,3,13,14,25,9,35
1155,2020,3,13,14,46,7,40
1156,2020,3,13,17,25,7,55
1157,2020,3,13,17,46,7,35
1158,2020,3,13,20,25,4,65
1159,2020,3,13,20,46,3,35
1160,2020,3,13,23,25,3,70
1161,2020,3,13,23,46,1,40
1162,2020,3,13,2,25,2,80
1163,2020,3,13,2,46,0,45
1164,2020,3,13,5,25,2,80
1165,2020,3,13,5,46,-1,55
1166,2020,3,13,8,25,5,65
1167,2020,3,13,8,46,-3,65
1168,2020,3,14,11,25,7,35
1169,2020,3,14,11,46,1,60
1170,2020,3,14,14,25,7,35
1171,2020,3,14,14,46,5,40
1172,2020,3,14,17,25,4,35
1173,2020,3,14,17,46,7,40
1174,2020,3,14,20,25,2,40
1175,2020,3,14,20,46,5,45
1176,2020,3,14,23,25,1,45
1177,2020,3,14,23,46,1,65
1178,2020,3,14,2,25,0,55
1179,2020,3,14,2,46,1,75
1180,2020,3,14,5,25,-2,70
1181,2020,3,14,5,46,2,80
1182,2020,3,14,8,25,1,65
1183,2020,3,14,8,46,4,80
1184,2020,3,15,11,25,6,40
1185,2020,3,15,11,46,8,70
1186,2020,3,15,14,25,8,35
1187,2020,3,15,14,46,11,55
1188,2020,3,15,17,25,5,40
1189,2020,3,15,17,46,12,50
1190,2020,3,15,20,25,1,70
1191,2020,3,15,20,46,9,60
1192,2020,3,15,23,25,1,80
1193,2020,3,15,23,46,6,70
1194,2020,3,15,2,25,2,80
1195,2020,3,15,2,46,3,80
1196,2020,3,15,5,25,4,80
1197,2020,3,15,5,46,3,80
1198,2020,3,15,8,25,8,75
1199,2020,3,15,8,46,1,85
1200,2020,3,16,11,25,11,60
1201,2020,3,16,11,46,6,75
1202,2020,3,16,14,25,12,50
1203,2020,3,16,14,46,13,35
1204,2020,3,16,17,25,10,55
1205,2020,3,16,17,46,15,25
1206,2020,3,16,20,25,6,75
1207,2020,3,16,20,46,12,30
1208,2020,3,16,23,25,4,85
1209,2020,3,16,23,46,8,55
1210,2020,3,16,2,25,3,85
1211,2020,3,16,2,46,9,80
1212,2020,3,16,5,25,1,90
1213,2020,3,16,5,46,10,80
1214,2020,3,16,8,25,6,75
1215,2020,3,16,8,46,10,75
1216,2020,3,17,11,25,13,35
1217,2020,3,17,11,46,8,65
1218,2020,3,17,14,25,16,25
1219,2020,3,17,14,46,9,40
1220,2020,3,17,17,25,14,30
1221,2020,3,17,17,46,9,35
1222,2020,3,17,20,25,10,65
1223,2020,3,17,20,46,7,45
1224,2020,3,17,23,25,10,80
1225,2020,3,17,23,46,6,50
1226,2020,3,17,2,25,10,80
1227,2020,3,17,2,46,6,60
1228,2020,3,17,5,25,10,75
1229,2020,3,17,5,46,5,70
1230,2020,3,17,8,25,9,60
1231,2020,3,17,8,46,3,75
1232,2020,3,18,11,25,9,45
1233,2020,3,18,11,46,8,60
1234,2020,3,18,14,25,9,35
1235,2020,3,18,14,46,13,25
1236,2020,3,18,17,25,8,45
1237,2020,3,18,17,46,14,20
1238,2020,3,18,20,25,6,50
1239,2020,3,18,20,46,11,35
1240,2020,3,18,23,25,6,55
1241,2020,3,18,23,46,8,55
1242,2020,3,18,2,25,5,70
1243,2020,3,18,2,46,8,65
1244,2020,3,18,5,25,4,80
1245,2020,3,18,5,46,7,70
1246,2020,3,18,8,25,8,60
1247,2020,3,18,8,46,7,80
1248,2020,3,19,11,25,13,25
1249,2020,3,19,11,46,10,75
1250,2020,3,19,14,25,14,20
1251,2020,3,19,14,46,15,60
1252,2020,3,19,17,25,11,35
1253,2020,3,19,17,46,17,55
1254,2020,3,19,20,25,8,55
1255,2020,3,19,20,46,13,75
1256,2020,3,19,23,25,8,65
1257,2020,3,19,23,46,10,80
1258,2020,3,19,2,25,8,70
1259,2020,3,19,2,46,8,90
1260,2020,3,19,5,25,7,85
1261,2020,3,19,5,46,7,90
1262,2020,3,19,8,25,10,80
1263,2020,3,19,8,46,5,80
1264,2020,3,20,11,25,16,55
1265,2020,3,20,11,46,7,70
1266,2020,3,20,14,25,18,50
1267,2020,3,20,14,46,13,40
1268,2020,3,20,17,25,13,75
1269,2020,3,20,17,46,14,30
1270,2020,3,20,20,25,10,85
1271,2020,3,20,20,46,11,35
1272,2020,3,20,23,25,9,95
1273,2020,3,20,23,46,8,55
1274,2020,3,20,2,25,7,85
1275,2020,3,20,2,46,5,60
1276,2020,3,20,5,25,5,80
1277,2020,3,20,5,46,3,80
1278,2020,3,20,8,25,8,65
1279,2020,3,20,8,46,2,90
1280,2020,3,21,11,25,12,35
1281,2020,3,21,11,46,8,70
1282,2020,3,21,14,25,14,30
1283,2020,3,21,14,46,13,40
1284,2020,3,21,17,25,11,40
1285,2020,3,21,17,46,14,45
1286,2020,3,21,20,25,7,55
1287,2020,3,21,20,46,11,55
1288,2020,3,21,23,25,5,60
1289,2020,3,21,23,46,7,70
1290,2020,3,21,2,25,3,85
1291,2020,3,21,2,46,6,75
1292,2020,3,21,5,25,3,85
1293,2020,3,21,5,46,4,85
1294,2020,3,21,8,25,7,70
1295,2020,3,21,8,46,3,85
1296,2020,3,22,11,25,13,45
1297,2020,3,22,11,46,7,75
1298,2020,3,22,14,25,14,45
1299,2020,3,22,14,46,14,40
1300,2020,3,22,17,25,11,55
1301,2020,3,22,17,46,16,35
1302,2020,3,22,20,25,7,75
1303,2020,3,22,20,46,12,50
1304,2020,3,22,23,25,6,75
1305,2020,3,22,23,46,7,65
1306,2020,3,22,2,25,4,85
1307,2020,3,22,2,46,5,80
1308,2020,3,22,5,25,4,80
1309,2020,3,22,5,46,4,75
1310,2020,3,22,8,25,7,70
1311,2020,3,22,8,46,3,80
1312,2020,3,23,11,25,14,40
1313,2020,3,23,11,46,9,65
1314,2020,3,23,14,25,16,35
1315,2020,3,23,14,46,16,45
1316,2020,3,23,17,25,12,50
1317,2020,3,23,17,46,17,40
1318,2020,3,23,20,25,7,60
1319,2020,3,23,20,46,14,50
1320,2020,3,23,23,25,6,80
1321,2020,3,23,23,46,10,70
1322,2020,3,23,2,25,4,75
1323,2020,3,23,2,46,8,75
1324,2020,3,23,5,25,3,80
1325,2020,3,23,5,46,7,80
1326,2020,3,23,8,25,9,65
1327,2020,3,23,8,46,7,85
1328,2020,3,24,11,25,16,40
1329,2020,3,24,11,46,13,70
1330,2020,3,24,14,25,18,40
1331,2020,3,24,14,46,19,45
1332,2020,3,24,17,25,14,55
1333,2020,3,24,17,46,17,65
1334,2020,3,24,20,25,10,70
1335,2020,3,24,20,46,15,70
1336,2020,3,24,23,25,8,75
1337,2020,3,24,23,46,14,80
1338,2020,3,24,2,25,7,85
1339,2020,3,24,2,46,14,85
1340,2020,3,24,5,25,7,80
1341,2020,3,24,5,46,12,90
1342,2020,3,24,8,25,13,60
1343,2020,3,24,8,46,11,90
1344,2020,3,25,11,25,18,45
1345,2020,3,25,11,46,9,85
1346,2020,3,25,14,25,17,70
1347,2020,3,25,14,46,9,70
1348,2020,3,25,17,25,15,80
1349,2020,3,25,17,46,11,40
1350,2020,3,25,20,25,15,85
1351,2020,3,25,20,46,10,50
1352,2020,3,25,23,25,13,90
1353,2020,3,25,23,46,8,55
1354,2020,3,25,2,25,12,90
1355,2020,3,25,2,46,6,50
1356,2020,3,25,5,25,10,90
1357,2020,3,25,5,46,5,50
1358,2020,3,25,8,25,8,75
1359,2020,3,25,8,46,4,45
1360,2020,3,26,11,25,10,50
1361,2020,3,26,11,46,7,40
1362,2020,3,26,14,25,12,35
1363,2020,3,26,14,46,11,30
1364,2020,3,26,17,25,10,45
1365,2020,3,26,17,46,11,25
1366,2020,3,26,20,25,7,50
1367,2020,3,26,20,46,8,40
1368,2020,3,26,23,25,6,45
1369,2020,3,26,23,46,5,55
1370,2020,3,26,2,25,5,45
1371,2020,3,26,2,46,4,60
1372,2020,3,26,5,25,4,40
1373,2020,3,26,5,46,2,65
1374,2020,3,26,8,25,6,35
1375,2020,3,26,8,46,0,75
1376,2020,3,27,11,25,9,25
1377,2020,3,27,11,46,5,55
1378,2020,3,27,14,25,10,25
1379,2020,3,27,14,46,11,35
1380,2020,3,27,17,25,8,35
1381,2020,3,27,17,46,12,35
1382,2020,3,27,20,25,6,55
1383,2020,3,27,20,46,8,45
1384,2020,3,27,23,25,4,55
1385,2020,3,27,23,46,5,70
1386,2020,3,27,2,25,3,65
1387,2020,3,27,2,46,4,75
1388,2020,3,27,5,25,1,75
1389,2020,3,27,5,46,2,85
1390,2020,3,27,8,25,5,55
1391,2020,3,27,8,46,1,85
1392,2020,3,28,11,25,11,35
1393,2020,3,28,11,46,7,70
1394,2020,3,28,14,25,13,35
1395,2020,3,28,14,46,13,35
1396,2020,3,28,17,25,9,50
1397,2020,3,28,17,46,14,35
1398,2020,3,28,20,25,6,70
1399,2020,3,28,20,46,10,55
1400,2020,3,28,23,25,4,80
1401,2020,3,28,23,46,6,70
1402,2020,3,28,2,25,3,80
1403,2020,3,28,2,46,6,75
1404,2020,3,28,5,25,1,85
1405,2020,3,28,5,46,4,80
1406,2020,3,28,8,25,6,70
1407,2020,3,28,8,46,3,80
1408,2020,3,29,11,25,12,35
1409,2020,3,29,11,46,8,60
1410,2020,3,29,14,25,14,35
1411,2020,3,29,14,46,14,40
1412,2020,3,29,17,25,10,45
1413,2020,3,29,17,46,16,40
1414,2020,3,29,20,25,6,70
1415,2020,3,29,20,46,12,40
1416,2020,3,29,23,25,4,75
1417,2020,3,29,23,46,8,60
1418,2020,3,29,2,25,4,80
1419,2020,3,29,2,46,7,70
1420,2020,3,29,5,25,2,85
1421,2020,3,29,5,46,7,75
1422,2020,3,29,8,25,7,65
1423,2020,3,29,8,46,6,75
1424,2020,3,30,11,25,14,45
1425,2020,3,30,11,46,9,55
1426,2020,3,30,14,25,15,40
1427,2020,3,30,14,46,13,50
1428,2020,3,30,17,25,12,40
1429,2020,3,30,17,46,14,50
1430,2020,3,30,20,25,8,60
1431,2020,3,30,20,46,10,40
1432,2020,3,30,23,25,7,70
1433,2020,3,30,23,46,8,55
1434,2020,3,30,2,25,7,75
1435,2020,3,30,2,46,8,55
1436,2020,3,30,5,25,7,70
1437,2020,3,30,5,46,5,80
1438,2020,3,30,8,25,9,55
1439,2020,3,30,8,46,4,80
1440,2020,3,31,11,25,13,55
1441,2020,3,31,11,46,9,60
1442,2020,3,31,14,25,15,40
1443,2020,3,31,14,46,13,30
1444,2020,3,31,17,25,10,40
1445,2020,3,31,17,46,15,20
1446,2020,3,31,20,25,9,50
1447,2020,3,31,20,46,11,35
1448,2020,3,31,23,25,6,70
1449,2020,3,31,23,46,7,60
1450,2020,3,31,2,25,5,80
1451,2020,3,31,2,46,5,75
1452,2020,3,31,5,25,4,80
1453,2020,3,31,5,46,4,85
1454,2020,3,31,8,25,8,65
1455,2020,3,31,8,46,3,85
1456,2020,4,1,11,25,14,35
1457,2020,4,1,11,46,9,70
1458,2020,4,1,14,25,15,25
1459,2020,4,1,14,46,14,35
1460,2020,4,1,17,25,11,35
1461,2020,4,1,17,46,15,30
1462,2020,4,1,20,25,8,60
1463,2020,4,1,20,46,12,40
1464,2020,4,1,23,25,6,75
1465,2020,4,1,23,46,8,70
1466,2020,4,1,2,25,4,85
1467,2020,4,1,2,46,7,70
1468,2020,4,1,5,25,3,85
1469,2020,4,1,5,46,7,75
1470,2020,4,1,8,25,9,65
1471,2020,4,1,8,46,6,80
1472,2020,4,2,11,25,14,30
1473,2020,4,2,11,46,9,45
1474,2020,4,2,14,25,15,25
1475,2020,4,2,14,46,10,25
1476,2020,4,2,17,25,12,35
1477,2020,4,2,17,46,10,20
1478,2020,4,2,20,25,7,65
1479,2020,4,2,20,46,8,30
1480,2020,4,2,23,25,7,70
1481,2020,4,2,23,46,6,40
1482,2020,4,2,2,25,7,75
1483,2020,4,2,2,46,4,45
1484,2020,4,2,5,25,6,80
1485,2020,4,2,5,46,4,45
1486,2020,4,2,8,25,9,45
1487,2020,4,2,8,46,2,50
1488,2020,4,3,11,25,10,25
1489,2020,4,3,11,46,5,35
1490,2020,4,3,14,25,11,20
1491,2020,4,3,14,46,9,30
1492,2020,4,3,17,25,9,25
1493,2020,4,3,17,46,11,25
1494,2020,4,3,20,25,6,35
1495,2020,4,3,20,46,9,40
1496,2020,4,3,23,25,5,40
1497,2020,4,3,23,46,6,50
1498,2020,4,3,2,25,4,45
1499,2020,4,3,2,46,5,60
1500,2020,4,3,5,25,2,50
1501,2020,4,3,5,46,3,70
1502,2020,4,3,8,25,6,35
1503,2020,4,3,8,46,2,80
1504,2020,4,4,11,25,9,25
1505,2020,4,4,11,46,8,55
1506,2020,4,4,14,25,11,25
1507,2020,4,4,14,46,14,30
1508,2020,4,4,17,25,9,40
1509,2020,4,4,17,46,15,25
1510,2020,4,4,20,25,6,55
1511,2020,4,4,20,46,12,35
1512,2020,4,4,23,25,5,65
1513,2020,4,4,23,46,8,65
1514,2020,4,4,2,25,3,70
1515,2020,4,4,2,46,6,75
1516,2020,4,4,5,25,2,80
1517,2020,4,4,5,46,5,80
1518,2020,4,4,8,25,9,60
1519,2020,4,4,8,46,4,85
1520,2020,4,5,11,25,13,40
1521,2020,4,5,11,46,10,60
1522,2020,4,5,14,25,15,25
1523,2020,4,5,14,46,15,40
1524,2020,4,5,17,25,12,35
1525,2020,4,5,17,46,16,45
1526,2020,4,5,20,25,8,60
1527,2020,4,5,20,46,13,50
1528,2020,4,5,23,25,7,75
1529,2020,4,5,23,46,9,65
1530,2020,4,5,2,25,6,80
1531,2020,4,5,2,46,8,60
1532,2020,4,5,5,25,5,85
1533,2020,4,5,5,46,7,65
1534,2020,4,5,8,25,10,70
1535,2020,4,5,8,46,5,65
1536,2020,4,6,11,25,15,45
1537,2020,4,6,11,46,9,40
1538,2020,4,6,14,25,16,45
1539,2020,4,6,14,46,13,25
1540,2020,4,6,17,25,13,45
1541,2020,4,6,17,46,13,20
1542,2020,4,6,20,25,9,50
1543,2020,4,6,20,46,10,35
1544,2020,4,6,23,25,7,55
1545,2020,4,6,23,46,7,50
1546,2020,4,6,2,25,6,55
1547,2020,4,6,2,46,6,60
1548,2020,4,6,5,25,5,55
1549,2020,4,6,5,46,6,65
1550,2020,4,6,8,25,9,35
1551,2020,4,6,8,46,5,70
1552,2020,4,7,11,25,12,25
1553,2020,4,7,11,46,9,50
1554,2020,4,7,14,25,13,20
1555,2020,4,7,14,46,12,35
1556,2020,4,7,17,25,10,35
1557,2020,4,7,17,46,13,30
1558,2020,4,7,20,25,7,55
1559,2020,4,7,20,46,10,40
1560,2020,4,7,23,25,6,60
1561,2020,4,7,23,46,7,60
1562,2020,4,7,2,25,6,65
1563,2020,4,7,2,46,5,75
1564,2020,4,7,5,25,4,75
1565,2020,4,7,5,46,5,80
1566,2020,4,7,8,25,9,50
1567,2020,4,7,8,46,3,85
1568,2020,4,8,11,25,12,35
1569,2020,4,8,11,46,9,60
1570,2020,4,8,14,25,12,35
1571,2020,4,8,14,46,13,35
1572,2020,4,8,17,25,10,40
1573,2020,4,8,17,46,12,45
1574,2020,4,8,20,25,7,65
1575,2020,4,8,20,46,10,45
1576,2020,4,8,23,25,6,75
1577,2020,4,8,23,46,6,70
1578,2020,4,8,2,25,5,80
1579,2020,4,8,2,46,5,85
1580,2020,4,8,5,25,3,85
1581,2020,4,8,5,46,5,85
1582,2020,4,8,8,25,9,60
1583,2020,4,8,8,46,4,90
1584,2020,4,9,11,25,13,40
1585,2020,4,9,11,46,9,65
1586,2020,4,9,14,25,13,45
1587,2020,4,9,14,46,14,40
1588,2020,4,9,17,25,10,50
1589,2020,4,9,17,46,14,45
1590,2020,4,9,20,25,7,70
1591,2020,4,9,20,46,12,45
1592,2020,4,9,23,25,6,80
1593,2020,4,9,23,46,8,60
1594,2020,4,9,2,25,6,85
1595,2020,4,9,2,46,6,70
1596,2020,4,9,5,25,5,90
1597,2020,4,9,5,46,5,75
1598,2020,4,9,8,25,8,70
1599,2020,4,9,8,46,4,80
1600,2020,4,10,11,25,13,45
1601,2020,4,10,11,46,9,55
1602,2020,4,10,14,25,13,45
1603,2020,4,10,14,46,16,40
1604,2020,4,10,17,25,11,45
1605,2020,4,10,17,46,14,50
1606,2020,4,10,20,25,7,65
1607,2020,4,10,20,46,13,35
1608,2020,4,10,23,25,6,75
1609,2020,4,10,23,46,8,50
1610,2020,4,10,2,25,5,80
1611,2020,4,10,2,46,6,60
1612,2020,4,10,5,25,3,90
1613,2020,4,10,5,46,5,70
1614,2020,4,10,8,25,9,65
1615,2020,4,10,8,46,4,70
1616,2020,4,11,11,25,16,35
1617,2020,4,11,11,46,8,45
1618,2020,4,11,14,25,14,45
1619,2020,4,11,14,46,12,35
1620,2020,4,11,17,25,13,35
1621,2020,4,11,17,46,15,35
1622,2020,4,11,20,25,9,55
1623,2020,4,11,20,46,12,45
1624,2020,4,11,23,25,6,65
1625,2020,4,11,23,46,9,60
1626,2020,4,11,2,25,5,70
1627,2020,4,11,2,46,6,80
1628,2020,4,11,5,25,4,70
1629,2020,4,11,5,46,5,80
1630,2020,4,11,8,25,8,50
1631,2020,4,11,8,46,4,85
1632,2020,4,12,11,25,13,30
1633,2020,4,12,11,46,11,60
1634,2020,4,12,14,25,15,35
1635,2020,4,12,14,46,18,25
1636,2020,4,12,17,25,14,45
1637,2020,4,12,17,46,18,25
1638,2020,4,12,20,25,10,60
1639,2020,4,12,20,46,15,30
1640,2020,4,12,23,25,7,75
1641,2020,4,12,23,46,9,55
1642,2020,4,12,2,25,5,85
1643,2020,4,12,2,46,7,70
1644,2020,4,12,5,25,4,90
1645,2020,4,12,5,46,6,80
1646,2020,4,12,8,25,11,60
1647,2020,4,12,8,46,5,85
1648,2020,4,13,11,25,17,25
1649,2020,4,13,11,46,11,65
1650,2020,4,13,14,25,18,20
1651,2020,4,13,14,46,17,40
1652,2020,4,13,17,25,15,25
1653,2020,4,13,17,46,19,30
1654,2020,4,13,20,25,9,55
1655,2020,4,13,20,46,15,40
1656,2020,4,13,23,25,7,70
1657,2020,4,13,23,46,10,65
1658,2020,4,13,2,25,5,80
1659,2020,4,13,2,46,8,80
1660,2020,4,13,5,25,4,80
1661,2020,4,13,5,46,6,80
1662,2020,4,13,8,25,12,55
1663,2020,4,13,8,46,5,80
1664,2020,4,14,11,25,18,25
1665,2020,4,14,11,46,13,55
1666,2020,4,14,14,25,19,30
1667,2020,4,14,14,46,20,30
1668,2020,4,14,17,25,16,35
1669,2020,4,14,17,46,22,20
1670,2020,4,14,20,25,10,65
1671,2020,4,14,20,46,18,40
1672,2020,4,14,23,25,7,75
1673,2020,4,14,23,46,13,55
1674,2020,4,14,2,25,6,80
1675,2020,4,14,2,46,13,55
1676,2020,4,14,5,25,5,85
1677,2020,4,14,5,46,11,65
1678,2020,4,14,8,25,13,55
1679,2020,4,14,8,46,9,75
1680,2020,4,15,11,25,20,30
1681,2020,4,15,11,46,11,75
1682,2020,4,15,14,25,22,20
1683,2020,4,15,14,46,13,75
1684,2020,4,15,17,25,18,40
1685,2020,4,15,17,46,16,65
1686,2020,4,15,20,25,14,55
1687,2020,4,15,20,46,15,70
1688,2020,4,15,23,25,13,50
1689,2020,4,15,23,46,12,80
1690,2020,4,15,2,25,11,65
1691,2020,4,15,2,46,10,85
1692,2020,4,15,5,25,9,75
1693,2020,4,15,5,46,9,85
1694,2020,4,15,8,25,11,75
1695,2020,4,15,8,46,9,80
1696,2020,4,16,11,25,15,65
1697,2020,4,16,11,46,11,70
1698,2020,4,16,14,25,16,65
1699,2020,4,16,14,46,15,55
1700,2020,4,16,17,25,15,60
1701,2020,4,16,17,46,16,50
1702,2020,4,16,20,25,11,85
1703,2020,4,16,20,46,14,60
1704,2020,4,16,23,25,9,85
1705,2020,4,16,23,46,10,80
1706,2020,4,16,2,25,9,85
1707,2020,4,16,2,46,9,85
1708,2020,4,16,5,25,9,90
1709,2020,4,16,5,46,8,85
1710,2020,4,16,8,25,12,75
1711,2020,4,16,8,46,8,80
1712,2020,4,17,11,25,15,55
1713,2020,4,17,11,46,13,60
1714,2020,4,17,14,25,16,55
1715,2020,4,17,14,46,16,50
1716,2020,4,17,17,25,15,55
1717,2020,4,17,17,46,16,45
1718,2020,4,17,20,25,10,75
1719,2020,4,17,20,46,13,65
1720,2020,4,17,23,25,9,80
1721,2020,4,17,23,46,11,80
1722,2020,4,17,2,25,8,85
1723,2020,4,17,2,46,10,85
1724,2020,4,17,5,25,8,80
1725,2020,4,17,5,46,9,85
1726,2020,4,17,8,25,13,60
1727,2020,4,17,8,46,8,90
1728,2020,4,18,11,25,16,50
1729,2020,4,18,11,46,11,75
1730,2020,4,18,14,25,16,45
1731,2020,4,18,14,46,14,60
1732,2020,4,18,17,25,12,85
1733,2020,4,18,17,46,15,55
1734,2020,4,18,20,25,11,85
1735,2020,4,18,20,46,13,65
1736,2020,4,18,23,25,9,85
1737,2020,4,18,23,46,11,75
1738,2020,4,18,2,25,9,85
1739,2020,4,18,2,46,9,80
1740,2020,4,18,5,25,8,90
1741,2020,4,18,5,46,8,75
1742,2020,4,18,8,25,11,75
1743,2020,4,18,8,46,6,70
1744,2020,4,19,11,25,15,60
1745,2020,4,19,11,46,10,55
1746,2020,4,19,14,25,14,55
1747,2020,4,19,14,46,12,45
1748,2020,4,19,17,25,12,75
1749,2020,4,19,17,46,11,30
1750,2020,4,19,20,25,10,75
1751,2020,4,19,20,46,8,35
1752,2020,4,19,23,25,9,75
1753,2020,4,19,23,46,7,40
1754,2020,4,19,2,25,8,75
1755,2020,4,19,2,46,6,45
1756,2020,4,19,5,25,7,70
1757,2020,4,19,5,46,7,45
1758,2020,4,19,8,25,10,35
1759,2020,4,19,8,46,5,50
1760,2020,4,20,11,25,11,30
1761,2020,4,20,11,46,8,35
1762,2020,4,20,14,25,10,30
1763,2020,4,20,14,46,10,30
1764,2020,4,20,17,25,8,35
1765,2020,4,20,17,46,10,35
1766,2020,4,20,20,25,6,35
1767,2020,4,20,20,46,8,45
1768,2020,4,20,23,25,6,40
1769,2020,4,20,23,46,7,50
1770,2020,4,20,2,25,7,45
1771,2020,4,20,2,46,6,60
1772,2020,4,20,5,25,5,50
1773,2020,4,20,5,46,6,60
1774,2020,4,20,8,25,8,35
1775,2020,4,20,8,46,6,60
1776,2020,4,21,11,25,10,35
1777,2020,4,21,11,46,9,50
1778,2020,4,21,14,25,9,35
1779,2020,4,21,14,46,12,35
1780,2020,4,21,17,25,7,45
1781,2020,4,21,17,46,13,35
1782,2020,4,21,20,25,6,50
1783,2020,4,21,20,46,10,45
1784,2020,4,21,23,25,6,60
1785,2020,4,21,23,46,7,50
1786,2020,4,21,2,25,6,65
1787,2020,4,21,2,46,6,60
1788,2020,4,21,5,25,6,65
1789,2020,4,21,5,46,6,60
1790,2020,4,21,8,25,10,50
1791,2020,4,21,8,46,5,70
1792,2020,4,22,11,25,12,40
1793,2020,4,22,11,46,11,45
1794,2020,4,22,14,25,13,35
1795,2020,4,22,14,46,15,25
1796,2020,4,22,17,25,9,45
1797,2020,4,22,17,46,15,30
1798,2020,4,22,20,25,6,55
1799,2020,4,22,20,46,13,40
1800,2020,4,22,23,25,6,60
1801,2020,4,22,23,46,10,55
1802,2020,4,22,2,25,6,65
1803,2020,4,22,2,46,10,55
1804,2020,4,22,5,25,5,75
1805,2020,4,22,5,46,10,55
1806,2020,4,22,8,25,11,40
1807,2020,4,22,8,46,10,60
1808,2020,4,23,11,25,14,30
1809,2020,4,23,11,46,14,55
1810,2020,4,23,14,25,15,30
1811,2020,4,23,14,46,17,45
1812,2020,4,23,17,25,13,40
1813,2020,4,23,17,46,17,40
1814,2020,4,23,20,25,10,55
1815,2020,4,23,20,46,13,55
1816,2020,4,23,23,25,10,55
1817,2020,4,23,23,46,9,70
1818,2020,4,23,2,25,10,55
1819,2020,4,23,2,46,9,70
1820,2020,4,23,5,25,11,60
1821,2020,4,23,5,46,8,70
1822,2020,4,23,8,25,14,60
1823,2020,4,23,8,46,7,75
1824,2020,4,24,11,25,16,50
1825,2020,4,24,11,46,12,50
1826,2020,4,24,14,25,16,40
1827,2020,4,24,14,46,16,30
1828,2020,4,24,17,25,12,60
1829,2020,4,24,17,46,17,20
1830,2020,4,24,20,25,10,65
1831,2020,4,24,20,46,15,30
1832,2020,4,24,23,25,9,65
1833,2020,4,24,23,46,9,50
1834,2020,4,24,2,25,8,70
1835,2020,4,24,2,46,7,65
1836,2020,4,24,5,25,7,75
1837,2020,4,24,5,46,6,75
1838,2020,4,24,8,25,12,50
1839,2020,4,24,8,46,5,80
1840,2020,4,25,11,25,16,25
1841,2020,4,25,11,46,12,60
1842,2020,4,25,14,25,17,20
1843,2020,4,25,14,46,16,40
1844,2020,4,25,17,25,15,25
1845,2020,4,25,17,46,16,30
1846,2020,4,25,20,25,9,55
1847,2020,4,25,20,46,14,35
1848,2020,4,25,23,25,7,70
1849,2020,4,25,23,46,10,50
1850,2020,4,25,2,25,6,80
1851,2020,4,25,2,46,9,60
1852,2020,4,25,5,25,5,80
1853,2020,4,25,5,46,7,75
1854,2020,4,25,8,25,12,60
1855,2020,4,25,8,46,5,80
1856,2020,4,26,11,25,15,35
1857,2020,4,26,11,46,13,50
1858,2020,4,26,14,25,16,30
1859,2020,4,26,14,46,18,30
1860,2020,4,26,17,25,14,30
1861,2020,4,26,17,46,18,30
1862,2020,4,26,20,25,10,45
1863,2020,4,26,20,46,15,45
1864,2020,4,26,23,25,8,60
1865,2020,4,26,23,46,11,70
1866,2020,4,26,2,25,7,75
1867,2020,4,26,2,46,10,75
1868,2020,4,26,5,25,6,75
1869,2020,4,26,5,46,9,75
1870,2020,4,26,8,25,13,50
1871,2020,4,26,8,46,9,75
1872,2020,4,27,11,25,18,30
1873,2020,4,27,11,46,15,45
1874,2020,4,27,14,25,19,30
1875,2020,4,27,14,46,20,30
1876,2020,4,27,17,25,16,50
1877,2020,4,27,17,46,20,25
1878,2020,4,27,20,25,11,70
1879,2020,4,27,20,46,18,30
1880,2020,4,27,23,25,10,80
1881,2020,4,27,23,46,12,50
1882,2020,4,27,2,25,9,80
1883,2020,4,27,2,46,10,60
1884,2020,4,27,5,25,8,75
1885,2020,4,27,5,46,9,70
1886,2020,4,27,8,25,16,45
1887,2020,4,27,8,46,9,80
1888,2020,4,28,11,25,19,30
1889,2020,4,28,11,46,16,55
1890,2020,4,28,14,25,20,25
1891,2020,4,28,14,46,20,45
1892,2020,4,28,17,25,18,30
1893,2020,4,28,17,46,21,60
1894,2020,4,28,20,25,12,45
1895,2020,4,28,20,46,19,70
1896,2020,4,28,23,25,10,55
1897,2020,4,28,23,46,16,75
1898,2020,4,28,2,25,9,70
1899,2020,4,28,2,46,16,80
1900,2020,4,28,5,25,9,75
1901,2020,4,28,5,46,16,85
1902,2020,4,28,8,25,17,50
1903,2020,4,28,8,46,15,85
1904,2020,4,29,11,25,21,50
1905,2020,4,29,11,46,19,70
1906,2020,4,29,14,25,22,55
1907,2020,4,29,14,46,23,60
1908,2020,4,29,17,25,19,70
1909,2020,4,29,17,46,24,60
1910,2020,4,29,20,25,17,80
1911,2020,4,29,20,46,20,70
1912,2020,4,29,23,25,16,85
1913,2020,4,29,23,46,17,80
1914,2020,4,29,2,25,15,85
1915,2020,4,29,2,46,16,80
1916,2020,4,29,5,25,15,85
1917,2020,4,29,5,46,16,85
1918,2020,4,29,8,25,19,70
1919,2020,4,29,8,46,16,85
1920,2020,4,30,11,25,23,55
1921,2020,4,30,11,46,18,75
1922,2020,4,30,14,25,24,55
1923,2020,4,30,14,46,23,60
1924,2020,4,30,17,25,21,70
1925,2020,4,30,17,46,24,50
1926,2020,4,30,20,25,18,80
1927,2020,4,30,20,46,21,60
1928,2020,4,30,23,25,17,85
1929,2020,4,30,23,46,17,70
1930,2020,4,30,2,25,16,85
1931,2020,4,30,2,46,16,85
1932,2020,4,30,5,25,16,85
1933,2020,4,30,5,46,16,85
1934,2020,4,30,8,25,19,75
1935,2020,4,30,8,46,16,85
